Model,Method,Cost (bp),Reference Method,Target Trade Count,Random Iterations,Random Sharpe Mean,Random Sharpe Median,Random Sharpe 5%,Random Sharpe 95%,Random Avg Return Mean,Random Avg Return Median,Random MDD Mean,Random MDD Median,Note
gbm,Random Count-Matched Filter,0,C-index Filter (Best Sharpe),33,1000,0.15328411441487957,0.16464424189021704,-0.058107149728191046,0.3177912065383088,0.27750129444816624,0.28395772565713273,-5.3990284945010085,-5.271637730407663,
gbm,Random Count-Matched Filter,5,C-index Filter (Best Sharpe),33,1000,0.11373095097800881,0.12943422689666423,-0.11092592342537606,0.2948046286320115,0.20941887016948807,0.21293965347208288,-5.876060670672567,-5.61018569597184,
gbm,Random Count-Matched Filter,10,C-index Filter (Best Sharpe),33,1000,0.08896868687902448,0.10100571835430272,-0.11820922720918448,0.27313186954223834,0.17460084825812422,0.18225799716211732,-6.242222548628122,-6.09050064770662,
mlp,Random Count-Matched Filter,0,C-index Filter (Best Sharpe),56,1000,0.14190816434284523,0.1447434822486411,0.010263787289633187,0.25556944670586,0.23166085906639075,0.2404773126443089,-6.813408371034835,-6.5941148256191795,
mlp,Random Count-Matched Filter,5,C-index Filter (Best Sharpe),56,1000,0.10394916521165891,0.10761383107579675,-0.0308216054930207,0.2196754699177492,0.17377548962224987,0.1742509832806018,-7.370654992875554,-6.74411482561918,
mlp,Random Count-Matched Filter,10,C-index Filter (Best Sharpe),56,1000,0.07784074287701118,0.08318128938755687,-0.06707372806025069,0.20059499753640092,0.13387507428412163,0.1375098039674497,-7.780579765691763,-6.964799482952355,
rf,Random Count-Matched Filter,0,C-index Filter (Best Sharpe),106,1000,0.14326196189656154,0.14139389712466854,0.04655139648769097,0.24318047606516022,0.21339840509103944,0.21433453002324468,-10.784416446263126,-10.492277185805543,
rf,Random Count-Matched Filter,5,C-index Filter (Best Sharpe),106,1000,0.10780598644822038,0.10696802644857809,0.011588339204536233,0.20752326446515634,0.16247261572803587,0.16294672716413014,-11.54354848174911,-11.3501255770035,
rf,Random Count-Matched Filter,10,C-index Filter (Best Sharpe),106,1000,0.07940948740209285,0.07985903221827376,-0.024860188647094023,0.17385924592053603,0.11942603265849895,0.12168531089774601,-12.115491211199636,-11.866369663427411,
