Model,Cost (bp),C-index Sharpe,Confidence Sharpe,No Filter Sharpe,C-index - Confidence Sharpe,C-index - No Filter Sharpe,Random Sharpe Mean,Random Sharpe 95%,C-index > Random 95%,C-index Avg Return,Confidence Avg Return,C-index MDD,Confidence MDD
gbm,0,0.36185393309338726,0.1735850376439479,0.14627004023014475,0.18826889544943937,0.2155838928632425,0.14119369658394607,0.3035001021925491,True,0.41732974896779046,0.3320941410199139,-2.9556386989712635,-6.361730279149391
gbm,5,0.3185004537418211,0.14745012344298658,0.117405981009128,0.17105033029883454,0.20109447273269312,0.10649688588978143,0.27635885285680284,True,0.3673297489677904,0.28209414101991387,-3.051098238683958,-6.861730279149391
gbm,10,0.275146974390255,0.12131520924202524,0.08854192178811122,0.15383176514822974,0.18660505260214377,0.07822238743438752,0.2503594044389162,True,0.31732974896779037,0.2320941410199138,-3.151098238683958,-7.361730279149392
mlp,0,0.11206535560409799,0.13405979015527114,0.13531019312348638,-0.021994434551173156,-0.023244837519388398,0.1385528635513822,0.24607190667520662,False,0.19264325181400466,0.2214115448361898,-8.936547756868052,-6.594096893341739
mlp,5,0.08297911600088152,0.103785896746855,0.10282989453912253,-0.020806780745973474,-0.019850778538241007,0.10089465626548982,0.20493353313851453,False,0.1426432518140046,0.17141154483618976,-9.386547756868053,-6.761526720171485
mlp,10,0.05389287639766506,0.07351200333843884,0.07034959595475866,-0.01961912694077378,-0.016456719557093602,0.06818217154680328,0.17690821216403346,False,0.09264325181400457,0.12141154483618971,-9.836547756868052,-7.365674958149382
rf,0,0.3036682532847034,0.09861128948146403,0.13230680127348876,0.2050569638032394,0.17136145201121467,0.13327206736273128,0.23584226712303186,True,0.4755381213401265,0.16234307229388828,-5.053127497069365,-15.084335990508801
rf,5,0.2717393458367655,0.06824002445361334,0.10051572489534776,0.2034993213831522,0.17122362094141774,0.09846908284122378,0.20170421540744604,True,0.4255381213401265,0.11234307229388824,-5.332394523134915,-15.684335990508803
rf,10,0.23981043838882754,0.03786875942576264,0.06872464851720674,0.2019416789630649,0.17108578987162082,0.07048244064923953,0.17446383087140274,True,0.37553812134012643,0.0623430722938882,-5.827388433352021,-16.2843359905088
