Cost (bp),Model,Trade Count,Avg Return,Win Rate,Sharpe,Sharpe_annualized,Annual Trades,Eval Days,Max Drawdown,Note,C-Index Type,Quantile,Threshold Value
0,gbm,33,0.41732974896779046,72.72727272727273,0.36185393309338726,2.2349215902056647,38.146788990825684,218,-2.9556386989712635,,C_RBO_full,0.5,0.44471120298430694
0,mlp,75,0.19264325181400466,58.666666666666664,0.11206535560409799,1.0434557313885031,86.69724770642202,218,-8.936547756868052,,C_tau_ties3,0.4,0.10256410256410256
0,rf,91,0.4755381213401265,67.03296703296702,0.3036682532847034,3.1145270787358563,105.19266055045871,218,-5.256107069955007,,C_tau_ties3,0.4,0.020512820512820804
5,gbm,33,0.3673297489677904,72.72727272727273,0.3185004537418211,1.9671571190969734,38.146788990825684,218,-3.051098238683958,,C_RBO_full,0.5,0.44471120298430694
5,mlp,75,0.1426432518140046,58.666666666666664,0.08297911600088152,0.7726298079359777,86.69724770642202,218,-9.386547756868053,,C_tau_ties3,0.4,0.10256410256410256
5,rf,91,0.4255381213401265,67.03296703296702,0.2717393458367655,2.787053114087268,105.19266055045871,218,-5.6353740960205565,,C_tau_ties3,0.4,0.020512820512820804
10,gbm,33,0.31732974896779037,72.72727272727273,0.275146974390255,1.699392647988282,38.146788990825684,218,-3.151098238683958,,C_RBO_full,0.5,0.44471120298430694
10,mlp,75,0.09264325181400457,58.666666666666664,0.05389287639766506,0.5018038844834523,86.69724770642202,218,-9.836547756868052,,C_tau_ties3,0.4,0.10256410256410256
10,rf,91,0.37553812134012643,67.03296703296702,0.23981043838882754,2.4595791494386785,105.19266055045871,218,-6.085374096020557,,C_tau_ties3,0.4,0.020512820512820804
