Trade Count,Avg Return,Win Rate,Sharpe,Sharpe_annualized,Annual Trades,Eval Days,Max Drawdown,Note,C-Index Type,Quantile,Model,Threshold Value,Baseline Trade Count,Delta Trade Count
62,0.2749938329545316,59.67741935483871,0.15824124290325664,1.3396382948252568,71.6697247706422,218,-6.375406720451338,,No Filter,,gbm,,62,0
88,0.2312191386155904,59.09090909090909,0.14363737936124893,1.4487079139114079,101.72477064220183,218,-6.5941148256191795,,No Filter,,mlp,,88,0
176,0.21576386751223034,58.52272727272727,0.1436985123126898,2.049654354143243,203.44954128440367,218,-13.807377174737034,,No Filter,,rf,,176,0
62,0.2749938329545316,59.67741935483871,0.15824124290325664,1.3396382948252568,71.6697247706422,218,-6.375406720451338,,C_tau_full,0.2,gbm,0.0,62,0
62,0.2749938329545316,59.67741935483871,0.15824124290325664,1.3396382948252568,71.6697247706422,218,-6.375406720451338,,C_tau_full,0.3,gbm,0.0,62,0
62,0.2749938329545316,59.67741935483871,0.15824124290325664,1.3396382948252568,71.6697247706422,218,-6.375406720451338,,C_tau_full,0.4,gbm,0.0,62,0
62,0.2749938329545316,59.67741935483871,0.15824124290325664,1.3396382948252568,71.6697247706422,218,-6.375406720451338,,C_tau_full,0.5,gbm,0.0,62,0
62,0.2749938329545316,59.67741935483871,0.15824124290325664,1.3396382948252568,71.6697247706422,218,-6.375406720451338,,C_tau_ties3,0.2,gbm,0.0,62,0
62,0.2749938329545316,59.67741935483871,0.15824124290325664,1.3396382948252568,71.6697247706422,218,-6.375406720451338,,C_tau_ties3,0.3,gbm,0.0,62,0
46,0.13216171026718054,58.69565217391305,0.10611167060329282,0.7737739266068829,53.174311926605505,218,-6.710658547920723,,C_tau_ties3,0.4,gbm,0.10256410256410256,62,-16
41,0.14962049730486765,60.97560975609756,0.12228969971057725,0.8418870525331175,47.39449541284404,218,-6.710658547920723,,C_tau_ties3,0.5,gbm,0.15384615384615383,62,-21
62,0.2749938329545316,59.67741935483871,0.15824124290325664,1.3396382948252568,71.6697247706422,218,-6.375406720451338,,C_tau_ties5,0.2,gbm,0.0,62,0
62,0.2749938329545316,59.67741935483871,0.15824124290325664,1.3396382948252568,71.6697247706422,218,-6.375406720451338,,C_tau_ties5,0.3,gbm,0.0,62,0
41,0.39169933898333875,63.41463414634146,0.19597811263590578,1.349185058091817,47.39449541284404,218,-4.985441104362032,,C_tau_ties5,0.4,gbm,0.06666666666666665,62,-21
37,0.19771844394888805,64.86486486486487,0.15365495964582895,1.0048921844581609,42.77064220183486,218,-4.985441104362032,,C_tau_ties5,0.5,gbm,0.1333333333333333,62,-25
62,0.2749938329545316,59.67741935483871,0.15824124290325664,1.3396382948252568,71.6697247706422,218,-6.375406720451338,,C_tau_ties10,0.2,gbm,0.0,62,0
62,0.2749938329545316,59.67741935483871,0.15824124290325664,1.3396382948252568,71.6697247706422,218,-6.375406720451338,,C_tau_ties10,0.3,gbm,0.0,62,0
38,0.13414042284255057,60.526315789473685,0.10195783103899406,0.6757474414015647,43.92660550458715,218,-5.791869326048005,,C_tau_ties10,0.4,gbm,0.03157894736842106,62,-24
32,0.281904713037992,68.75,0.21217623595175122,1.2904576407989181,36.99082568807339,218,-4.948568103562678,,C_tau_ties10,0.5,gbm,0.0736842105263158,62,-30
53,0.2932471542628283,60.37735849056604,0.15850540373887684,1.2406635728561404,61.26605504587156,218,-7.55553212690705,,C_RBO_full,0.2,gbm,0.3438685731955077,62,-9
47,0.14740064400492256,61.702127659574465,0.11398917437716506,0.8402036437557169,54.330275229357795,218,-5.791869326048005,,C_RBO_full,0.3,gbm,0.37904114967929814,62,-15
39,0.2152167362489571,66.66666666666666,0.16612972388032968,1.1154540132116575,45.08256880733945,218,-4.139772203795644,,C_RBO_full,0.4,gbm,0.41132429603094434,62,-23
33,0.33929336173193475,72.72727272727273,0.2761555455403833,1.7056218947437638,38.146788990825684,218,-4.118556573770782,,C_RBO_full,0.5,gbm,0.4452730503512067,62,-29
62,0.2749938329545316,59.67741935483871,0.15824124290325664,1.3396382948252568,71.6697247706422,218,-6.375406720451338,,C_Mallows_full,0.2,gbm,0.6065306597126334,62,0
62,0.2749938329545316,59.67741935483871,0.15824124290325664,1.3396382948252568,71.6697247706422,218,-6.375406720451338,,C_Mallows_full,0.3,gbm,0.6065306597126334,62,0
62,0.2749938329545316,59.67741935483871,0.15824124290325664,1.3396382948252568,71.6697247706422,218,-6.375406720451338,,C_Mallows_full,0.4,gbm,0.6065306597126334,62,0
62,0.2749938329545316,59.67741935483871,0.15824124290325664,1.3396382948252568,71.6697247706422,218,-6.375406720451338,,C_Mallows_full,0.5,gbm,0.6065306597126334,62,0
88,0.2312191386155904,59.09090909090909,0.14363737936124893,1.4487079139114079,101.72477064220183,218,-6.5941148256191795,,C_tau_full,0.2,mlp,0.0,88,0
88,0.2312191386155904,59.09090909090909,0.14363737936124893,1.4487079139114079,101.72477064220183,218,-6.5941148256191795,,C_tau_full,0.3,mlp,0.0,88,0
88,0.2312191386155904,59.09090909090909,0.14363737936124893,1.4487079139114079,101.72477064220183,218,-6.5941148256191795,,C_tau_full,0.4,mlp,0.0,88,0
41,0.20636538282534644,60.97560975609756,0.16637578739961975,1.1453918163037844,47.39449541284404,218,-7.2008869418285215,,C_tau_full,0.5,mlp,0.028571428571428574,88,-47
88,0.2312191386155904,59.09090909090909,0.14363737936124893,1.4487079139114079,101.72477064220183,218,-6.5941148256191795,,C_tau_ties3,0.2,mlp,0.0,88,0
88,0.2312191386155904,59.09090909090909,0.14363737936124893,1.4487079139114079,101.72477064220183,218,-6.5941148256191795,,C_tau_ties3,0.3,mlp,0.0,88,0
52,0.2526498990689514,57.692307692307686,0.14061066800659092,1.0901643274833006,60.11009174311926,218,-7.120978475752704,,C_tau_ties3,0.4,mlp,0.10256410256410256,88,-36
45,0.20105276721127138,55.55555555555556,0.10612502163469757,0.7654134196819923,52.01834862385321,218,-6.46149391140014,,C_tau_ties3,0.5,mlp,0.15384615384615383,88,-43
88,0.2312191386155904,59.09090909090909,0.14363737936124893,1.4487079139114079,101.72477064220183,218,-6.5941148256191795,,C_tau_ties5,0.2,mlp,0.0,88,0
88,0.2312191386155904,59.09090909090909,0.14363737936124893,1.4487079139114079,101.72477064220183,218,-6.5941148256191795,,C_tau_ties5,0.3,mlp,0.0,88,0
88,0.2312191386155904,59.09090909090909,0.14363737936124893,1.4487079139114079,101.72477064220183,218,-6.5941148256191795,,C_tau_ties5,0.4,mlp,0.0,88,0
43,0.05620706500243351,58.139534883720934,0.046900641758142014,0.33066256989482373,49.70642201834862,218,-8.558587589423627,,C_tau_ties5,0.5,mlp,0.1333333333333333,88,-45
88,0.2312191386155904,59.09090909090909,0.14363737936124893,1.4487079139114079,101.72477064220183,218,-6.5941148256191795,,C_tau_ties10,0.2,mlp,0.0,88,0
88,0.2312191386155904,59.09090909090909,0.14363737936124893,1.4487079139114079,101.72477064220183,218,-6.5941148256191795,,C_tau_ties10,0.3,mlp,0.0,88,0
48,0.27336271251548105,58.333333333333336,0.14484314747580085,1.0789233591149043,55.486238532110086,218,-6.5941148256191795,,C_tau_ties10,0.4,mlp,0.04210526315789474,88,-40
39,0.27604869081868166,58.97435897435898,0.1374895159394255,0.9231534775777657,45.08256880733945,218,-6.5941148256191795,,C_tau_ties10,0.5,mlp,0.08421052631578949,88,-49
65,0.23854246219367808,58.46153846153847,0.13945056736753283,1.2087847922127617,75.13761467889908,218,-7.120978475752704,,C_RBO_full,0.2,mlp,0.36382047166024145,88,-23
56,0.3281932355785983,62.5,0.18706160829690507,1.505049213213157,64.73394495412843,218,-6.46149391140014,,C_RBO_full,0.3,mlp,0.38465683370083537,88,-32
47,0.3044672296765237,59.57446808510638,0.15988594011056387,1.17850445185008,54.330275229357795,218,-6.46149391140014,,C_RBO_full,0.4,mlp,0.4170343889617904,88,-41
39,-0.01860743401290294,56.41025641025641,-0.014764634254658302,-0.09913500214341192,45.08256880733945,218,-9.322878022338,,C_RBO_full,0.5,mlp,0.44813040248521074,88,-49
88,0.2312191386155904,59.09090909090909,0.14363737936124893,1.4487079139114079,101.72477064220183,218,-6.5941148256191795,,C_Mallows_full,0.2,mlp,0.6065306597126334,88,0
88,0.2312191386155904,59.09090909090909,0.14363737936124893,1.4487079139114079,101.72477064220183,218,-6.5941148256191795,,C_Mallows_full,0.3,mlp,0.6065306597126334,88,0
88,0.2312191386155904,59.09090909090909,0.14363737936124893,1.4487079139114079,101.72477064220183,218,-6.5941148256191795,,C_Mallows_full,0.4,mlp,0.6065306597126334,88,0
41,0.20636538282534644,60.97560975609756,0.16637578739961975,1.1453918163037844,47.39449541284404,218,-7.2008869418285215,,C_Mallows_full,0.5,mlp,0.6152575700805322,88,-47
176,0.21576386751223034,58.52272727272727,0.1436985123126898,2.049654354143243,203.44954128440367,218,-13.807377174737034,,C_tau_full,0.2,rf,0.0,176,0
176,0.21576386751223034,58.52272727272727,0.1436985123126898,2.049654354143243,203.44954128440367,218,-13.807377174737034,,C_tau_full,0.3,rf,0.0,176,0
176,0.21576386751223034,58.52272727272727,0.1436985123126898,2.049654354143243,203.44954128440367,218,-13.807377174737034,,C_tau_full,0.4,rf,0.0,176,0
85,0.2605616447173579,55.294117647058826,0.15043824834747885,1.4912132518764347,98.25688073394495,218,-11.171942647706512,,C_tau_full,0.5,rf,0.028571428571428574,176,-91
176,0.21576386751223034,58.52272727272727,0.1436985123126898,2.049654354143243,203.44954128440367,218,-13.807377174737034,,C_tau_ties3,0.2,rf,0.0,176,0
176,0.21576386751223034,58.52272727272727,0.1436985123126898,2.049654354143243,203.44954128440367,218,-13.807377174737034,,C_tau_ties3,0.3,rf,0.0,176,0
106,0.3267928436037096,64.15094339622641,0.19991653931032,2.21296059870562,122.53211009174312,218,-11.794827496460858,,C_tau_ties3,0.4,rf,0.05128205128205128,176,-70
103,0.30721434753295523,63.10679611650486,0.18570854373075832,2.026387605221896,119.06422018348623,218,-11.794827496460858,,C_tau_ties3,0.5,rf,0.10256410256410256,176,-73
176,0.21576386751223034,58.52272727272727,0.1436985123126898,2.049654354143243,203.44954128440367,218,-13.807377174737034,,C_tau_ties5,0.2,rf,0.0,176,0
176,0.21576386751223034,58.52272727272727,0.1436985123126898,2.049654354143243,203.44954128440367,218,-13.807377174737034,,C_tau_ties5,0.3,rf,0.0,176,0
176,0.21576386751223034,58.52272727272727,0.1436985123126898,2.049654354143243,203.44954128440367,218,-13.807377174737034,,C_tau_ties5,0.4,rf,0.0,176,0
95,0.19566430241623714,61.05263157894737,0.14309871902633886,1.4995797678693572,109.81651376146789,218,-11.420455771746418,,C_tau_ties5,0.5,rf,0.033333333333333326,176,-81
176,0.21576386751223034,58.52272727272727,0.1436985123126898,2.049654354143243,203.44954128440367,218,-13.807377174737034,,C_tau_ties10,0.2,rf,0.0,176,0
176,0.21576386751223034,58.52272727272727,0.1436985123126898,2.049654354143243,203.44954128440367,218,-13.807377174737034,,C_tau_ties10,0.3,rf,0.0,176,0
176,0.21576386751223034,58.52272727272727,0.1436985123126898,2.049654354143243,203.44954128440367,218,-13.807377174737034,,C_tau_ties10,0.4,rf,0.0,176,0
176,0.21576386751223034,58.52272727272727,0.1436985123126898,2.049654354143243,203.44954128440367,218,-13.807377174737034,,C_tau_ties10,0.5,rf,0.0,176,0
140,0.22785735695785964,60.0,0.14686686059129564,1.8683569547084142,161.8348623853211,218,-14.838796338952243,,C_RBO_full,0.2,rf,0.32580261645765,176,-36
127,0.2659276143705759,60.629921259842526,0.1688191747090737,2.0454819755007763,146.80733944954127,218,-13.57908881535721,,C_RBO_full,0.3,rf,0.35387698036140447,176,-49
107,0.32235663190333785,63.55140186915887,0.19728977971669998,2.1941610448904587,123.6880733944954,218,-12.079940336098982,,C_RBO_full,0.4,rf,0.3820583526673278,176,-69
90,0.2949765278619074,63.33333333333333,0.1712018567881805,1.7462312215035245,104.03669724770641,218,-11.420455771746418,,C_RBO_full,0.5,rf,0.40321581681698604,176,-86
176,0.21576386751223034,58.52272727272727,0.1436985123126898,2.049654354143243,203.44954128440367,218,-13.807377174737034,,C_Mallows_full,0.2,rf,0.6065306597126334,176,0
176,0.21576386751223034,58.52272727272727,0.1436985123126898,2.049654354143243,203.44954128440367,218,-13.807377174737034,,C_Mallows_full,0.3,rf,0.6065306597126334,176,0
176,0.21576386751223034,58.52272727272727,0.1436985123126898,2.049654354143243,203.44954128440367,218,-13.807377174737034,,C_Mallows_full,0.4,rf,0.6065306597126334,176,0
85,0.2605616447173579,55.294117647058826,0.15043824834747885,1.4912132518764347,98.25688073394495,218,-11.171942647706512,,C_Mallows_full,0.5,rf,0.6152575700805322,176,-91
