Trade Count,Avg Return,Win Rate,Sharpe,Sharpe_annualized,Annual Trades,Eval Days,Max Drawdown,Note,C-Index Type,Quantile,Threshold Value,Cost (bp),Baseline Trade Count,Baseline Avg Return,Baseline Win Rate,Baseline Sharpe,Baseline Sharpe Annualized,Baseline Max Drawdown,Delta Trade Count,Delta Avg Return,Delta Win Rate,Delta Sharpe,Delta Sharpe Annualized,Delta MDD,Is Active Filter,Is Positive Sharpe,Model
62,0.2749938329545316,59.67741935483871,0.15824124290325664,1.3396382948252568,71.6697247706422,218,-6.375406720451338,,C_tau_full,0.2,0.0,0,62,0.2749938329545316,59.67741935483871,0.15824124290325664,1.3396382948252568,-6.375406720451338,0,0.0,0.0,0.0,0.0,0.0,False,False,gbm
62,0.2749938329545316,59.67741935483871,0.15824124290325664,1.3396382948252568,71.6697247706422,218,-6.375406720451338,,C_tau_full,0.3,0.0,0,62,0.2749938329545316,59.67741935483871,0.15824124290325664,1.3396382948252568,-6.375406720451338,0,0.0,0.0,0.0,0.0,0.0,False,False,gbm
62,0.2749938329545316,59.67741935483871,0.15824124290325664,1.3396382948252568,71.6697247706422,218,-6.375406720451338,,C_tau_full,0.4,0.0,0,62,0.2749938329545316,59.67741935483871,0.15824124290325664,1.3396382948252568,-6.375406720451338,0,0.0,0.0,0.0,0.0,0.0,False,False,gbm
62,0.2749938329545316,59.67741935483871,0.15824124290325664,1.3396382948252568,71.6697247706422,218,-6.375406720451338,,C_tau_full,0.5,0.0,0,62,0.2749938329545316,59.67741935483871,0.15824124290325664,1.3396382948252568,-6.375406720451338,0,0.0,0.0,0.0,0.0,0.0,False,False,gbm
62,0.2749938329545316,59.67741935483871,0.15824124290325664,1.3396382948252568,71.6697247706422,218,-6.375406720451338,,C_tau_ties3,0.2,0.0,0,62,0.2749938329545316,59.67741935483871,0.15824124290325664,1.3396382948252568,-6.375406720451338,0,0.0,0.0,0.0,0.0,0.0,False,False,gbm
62,0.2749938329545316,59.67741935483871,0.15824124290325664,1.3396382948252568,71.6697247706422,218,-6.375406720451338,,C_tau_ties3,0.3,0.0,0,62,0.2749938329545316,59.67741935483871,0.15824124290325664,1.3396382948252568,-6.375406720451338,0,0.0,0.0,0.0,0.0,0.0,False,False,gbm
46,0.13216171026718054,58.69565217391305,0.10611167060329282,0.7737739266068829,53.174311926605505,218,-6.710658547920723,,C_tau_ties3,0.4,0.10256410256410256,0,62,0.2749938329545316,59.67741935483871,0.15824124290325664,1.3396382948252568,-6.375406720451338,-16,-0.14283212268735107,-0.9817671809256652,-0.05212957229996382,-0.5658643682183738,-0.335251827469385,True,False,gbm
41,0.14962049730486765,60.97560975609756,0.12228969971057725,0.8418870525331175,47.39449541284404,218,-6.710658547920723,,C_tau_ties3,0.5,0.15384615384615383,0,62,0.2749938329545316,59.67741935483871,0.15824124290325664,1.3396382948252568,-6.375406720451338,-21,-0.12537333564966396,1.29819040125885,-0.03595154319267939,-0.4977512422921393,-0.335251827469385,True,False,gbm
62,0.2749938329545316,59.67741935483871,0.15824124290325664,1.3396382948252568,71.6697247706422,218,-6.375406720451338,,C_tau_ties5,0.2,0.0,0,62,0.2749938329545316,59.67741935483871,0.15824124290325664,1.3396382948252568,-6.375406720451338,0,0.0,0.0,0.0,0.0,0.0,False,False,gbm
62,0.2749938329545316,59.67741935483871,0.15824124290325664,1.3396382948252568,71.6697247706422,218,-6.375406720451338,,C_tau_ties5,0.3,0.0,0,62,0.2749938329545316,59.67741935483871,0.15824124290325664,1.3396382948252568,-6.375406720451338,0,0.0,0.0,0.0,0.0,0.0,False,False,gbm
41,0.39169933898333875,63.41463414634146,0.19597811263590578,1.349185058091817,47.39449541284404,218,-4.985441104362032,,C_tau_ties5,0.4,0.06666666666666665,0,62,0.2749938329545316,59.67741935483871,0.15824124290325664,1.3396382948252568,-6.375406720451338,-21,0.11670550602880714,3.737214791502751,0.03773686973264914,0.009546763266560232,1.389965616089306,True,True,gbm
37,0.19771844394888805,64.86486486486487,0.15365495964582895,1.0048921844581609,42.77064220183486,218,-4.985441104362032,,C_tau_ties5,0.5,0.1333333333333333,0,62,0.2749938329545316,59.67741935483871,0.15824124290325664,1.3396382948252568,-6.375406720451338,-25,-0.07727538900564357,5.1874455100261585,-0.004586283257427687,-0.3347461103670959,1.389965616089306,True,False,gbm
62,0.2749938329545316,59.67741935483871,0.15824124290325664,1.3396382948252568,71.6697247706422,218,-6.375406720451338,,C_tau_ties10,0.2,0.0,0,62,0.2749938329545316,59.67741935483871,0.15824124290325664,1.3396382948252568,-6.375406720451338,0,0.0,0.0,0.0,0.0,0.0,False,False,gbm
62,0.2749938329545316,59.67741935483871,0.15824124290325664,1.3396382948252568,71.6697247706422,218,-6.375406720451338,,C_tau_ties10,0.3,0.0,0,62,0.2749938329545316,59.67741935483871,0.15824124290325664,1.3396382948252568,-6.375406720451338,0,0.0,0.0,0.0,0.0,0.0,False,False,gbm
38,0.13414042284255057,60.526315789473685,0.10195783103899406,0.6757474414015647,43.92660550458715,218,-5.791869326048005,,C_tau_ties10,0.4,0.03157894736842106,0,62,0.2749938329545316,59.67741935483871,0.15824124290325664,1.3396382948252568,-6.375406720451338,-24,-0.14085341011198105,0.8488964346349732,-0.056283411864262584,-0.663890853423692,0.5835373944033329,True,False,gbm
32,0.281904713037992,68.75,0.21217623595175122,1.2904576407989181,36.99082568807339,218,-4.948568103562678,,C_tau_ties10,0.5,0.0736842105263158,0,62,0.2749938329545316,59.67741935483871,0.15824124290325664,1.3396382948252568,-6.375406720451338,-30,0.006910880083460413,9.072580645161288,0.053934993048494584,-0.049180654026338644,1.4268386168886593,True,True,gbm
53,0.2932471542628283,60.37735849056604,0.15850540373887684,1.2406635728561404,61.26605504587156,218,-7.55553212690705,,C_RBO_full,0.2,0.3438685731955077,0,62,0.2749938329545316,59.67741935483871,0.15824124290325664,1.3396382948252568,-6.375406720451338,-9,0.01825332130829671,0.6999391357273268,0.00026416083562019743,-0.09897472196911639,-1.180125406455712,True,True,gbm
47,0.14740064400492256,61.702127659574465,0.11398917437716506,0.8402036437557169,54.330275229357795,218,-5.791869326048005,,C_RBO_full,0.3,0.37904114967929814,0,62,0.2749938329545316,59.67741935483871,0.15824124290325664,1.3396382948252568,-6.375406720451338,-15,-0.12759318894960905,2.0247083047357535,-0.04425206852609158,-0.4994346510695399,0.5835373944033329,True,False,gbm
39,0.2152167362489571,66.66666666666666,0.16612972388032968,1.1154540132116575,45.08256880733945,218,-4.139772203795644,,C_RBO_full,0.4,0.41132429603094434,0,62,0.2749938329545316,59.67741935483871,0.15824124290325664,1.3396382948252568,-6.375406720451338,-23,-0.05977709670557452,6.9892473118279455,0.007888480977073037,-0.22418428161359927,2.2356345166556935,True,True,gbm
33,0.33929336173193475,72.72727272727273,0.2761555455403833,1.7056218947437638,38.146788990825684,218,-4.118556573770782,,C_RBO_full,0.5,0.4452730503512067,0,62,0.2749938329545316,59.67741935483871,0.15824124290325664,1.3396382948252568,-6.375406720451338,-29,0.06429952877740314,13.049853372434022,0.11791430263712666,0.36598359991850704,2.2568501466805557,True,True,gbm
62,0.2749938329545316,59.67741935483871,0.15824124290325664,1.3396382948252568,71.6697247706422,218,-6.375406720451338,,C_Mallows_full,0.2,0.6065306597126334,0,62,0.2749938329545316,59.67741935483871,0.15824124290325664,1.3396382948252568,-6.375406720451338,0,0.0,0.0,0.0,0.0,0.0,False,False,gbm
62,0.2749938329545316,59.67741935483871,0.15824124290325664,1.3396382948252568,71.6697247706422,218,-6.375406720451338,,C_Mallows_full,0.3,0.6065306597126334,0,62,0.2749938329545316,59.67741935483871,0.15824124290325664,1.3396382948252568,-6.375406720451338,0,0.0,0.0,0.0,0.0,0.0,False,False,gbm
62,0.2749938329545316,59.67741935483871,0.15824124290325664,1.3396382948252568,71.6697247706422,218,-6.375406720451338,,C_Mallows_full,0.4,0.6065306597126334,0,62,0.2749938329545316,59.67741935483871,0.15824124290325664,1.3396382948252568,-6.375406720451338,0,0.0,0.0,0.0,0.0,0.0,False,False,gbm
62,0.2749938329545316,59.67741935483871,0.15824124290325664,1.3396382948252568,71.6697247706422,218,-6.375406720451338,,C_Mallows_full,0.5,0.6065306597126334,0,62,0.2749938329545316,59.67741935483871,0.15824124290325664,1.3396382948252568,-6.375406720451338,0,0.0,0.0,0.0,0.0,0.0,False,False,gbm
88,0.2312191386155904,59.09090909090909,0.14363737936124893,1.4487079139114079,101.72477064220183,218,-6.5941148256191795,,C_tau_full,0.2,0.0,0,88,0.2312191386155904,59.09090909090909,0.14363737936124893,1.4487079139114079,-6.5941148256191795,0,0.0,0.0,0.0,0.0,0.0,False,False,mlp
88,0.2312191386155904,59.09090909090909,0.14363737936124893,1.4487079139114079,101.72477064220183,218,-6.5941148256191795,,C_tau_full,0.3,0.0,0,88,0.2312191386155904,59.09090909090909,0.14363737936124893,1.4487079139114079,-6.5941148256191795,0,0.0,0.0,0.0,0.0,0.0,False,False,mlp
88,0.2312191386155904,59.09090909090909,0.14363737936124893,1.4487079139114079,101.72477064220183,218,-6.5941148256191795,,C_tau_full,0.4,0.0,0,88,0.2312191386155904,59.09090909090909,0.14363737936124893,1.4487079139114079,-6.5941148256191795,0,0.0,0.0,0.0,0.0,0.0,False,False,mlp
41,0.20636538282534644,60.97560975609756,0.16637578739961975,1.1453918163037844,47.39449541284404,218,-7.2008869418285215,,C_tau_full,0.5,0.028571428571428574,0,88,0.2312191386155904,59.09090909090909,0.14363737936124893,1.4487079139114079,-6.5941148256191795,-47,-0.02485375579024396,1.8847006651884683,0.022738408038370822,-0.30331609760762346,-0.606772116209342,True,True,mlp
88,0.2312191386155904,59.09090909090909,0.14363737936124893,1.4487079139114079,101.72477064220183,218,-6.5941148256191795,,C_tau_ties3,0.2,0.0,0,88,0.2312191386155904,59.09090909090909,0.14363737936124893,1.4487079139114079,-6.5941148256191795,0,0.0,0.0,0.0,0.0,0.0,False,False,mlp
88,0.2312191386155904,59.09090909090909,0.14363737936124893,1.4487079139114079,101.72477064220183,218,-6.5941148256191795,,C_tau_ties3,0.3,0.0,0,88,0.2312191386155904,59.09090909090909,0.14363737936124893,1.4487079139114079,-6.5941148256191795,0,0.0,0.0,0.0,0.0,0.0,False,False,mlp
52,0.2526498990689514,57.692307692307686,0.14061066800659092,1.0901643274833006,60.11009174311926,218,-7.120978475752704,,C_tau_ties3,0.4,0.10256410256410256,0,88,0.2312191386155904,59.09090909090909,0.14363737936124893,1.4487079139114079,-6.5941148256191795,-36,0.02143076045336101,-1.3986013986014072,-0.0030267113546580127,-0.35854358642810724,-0.5268636501335244,True,False,mlp
45,0.20105276721127138,55.55555555555556,0.10612502163469757,0.7654134196819923,52.01834862385321,218,-6.46149391140014,,C_tau_ties3,0.5,0.15384615384615383,0,88,0.2312191386155904,59.09090909090909,0.14363737936124893,1.4487079139114079,-6.5941148256191795,-43,-0.03016637140431902,-3.5353535353535364,-0.03751235772655136,-0.6832944942294156,0.13262091421903932,True,False,mlp
88,0.2312191386155904,59.09090909090909,0.14363737936124893,1.4487079139114079,101.72477064220183,218,-6.5941148256191795,,C_tau_ties5,0.2,0.0,0,88,0.2312191386155904,59.09090909090909,0.14363737936124893,1.4487079139114079,-6.5941148256191795,0,0.0,0.0,0.0,0.0,0.0,False,False,mlp
88,0.2312191386155904,59.09090909090909,0.14363737936124893,1.4487079139114079,101.72477064220183,218,-6.5941148256191795,,C_tau_ties5,0.3,0.0,0,88,0.2312191386155904,59.09090909090909,0.14363737936124893,1.4487079139114079,-6.5941148256191795,0,0.0,0.0,0.0,0.0,0.0,False,False,mlp
88,0.2312191386155904,59.09090909090909,0.14363737936124893,1.4487079139114079,101.72477064220183,218,-6.5941148256191795,,C_tau_ties5,0.4,0.0,0,88,0.2312191386155904,59.09090909090909,0.14363737936124893,1.4487079139114079,-6.5941148256191795,0,0.0,0.0,0.0,0.0,0.0,False,False,mlp
43,0.05620706500243351,58.139534883720934,0.046900641758142014,0.33066256989482373,49.70642201834862,218,-8.558587589423627,,C_tau_ties5,0.5,0.1333333333333333,0,88,0.2312191386155904,59.09090909090909,0.14363737936124893,1.4487079139114079,-6.5941148256191795,-45,-0.1750120736131569,-0.9513742071881595,-0.09673673760310691,-1.118045344016584,-1.964472763804448,True,False,mlp
88,0.2312191386155904,59.09090909090909,0.14363737936124893,1.4487079139114079,101.72477064220183,218,-6.5941148256191795,,C_tau_ties10,0.2,0.0,0,88,0.2312191386155904,59.09090909090909,0.14363737936124893,1.4487079139114079,-6.5941148256191795,0,0.0,0.0,0.0,0.0,0.0,False,False,mlp
88,0.2312191386155904,59.09090909090909,0.14363737936124893,1.4487079139114079,101.72477064220183,218,-6.5941148256191795,,C_tau_ties10,0.3,0.0,0,88,0.2312191386155904,59.09090909090909,0.14363737936124893,1.4487079139114079,-6.5941148256191795,0,0.0,0.0,0.0,0.0,0.0,False,False,mlp
48,0.27336271251548105,58.333333333333336,0.14484314747580085,1.0789233591149043,55.486238532110086,218,-6.5941148256191795,,C_tau_ties10,0.4,0.04210526315789474,0,88,0.2312191386155904,59.09090909090909,0.14363737936124893,1.4487079139114079,-6.5941148256191795,-40,0.04214357389989065,-0.7575757575757578,0.0012057681145519195,-0.3697845547965035,0.0,True,True,mlp
39,0.27604869081868166,58.97435897435898,0.1374895159394255,0.9231534775777657,45.08256880733945,218,-6.5941148256191795,,C_tau_ties10,0.5,0.08421052631578949,0,88,0.2312191386155904,59.09090909090909,0.14363737936124893,1.4487079139114079,-6.5941148256191795,-49,0.04482955220309126,-0.11655011655011549,-0.006147863421823441,-0.5255544363336422,0.0,True,False,mlp
65,0.23854246219367808,58.46153846153847,0.13945056736753283,1.2087847922127617,75.13761467889908,218,-7.120978475752704,,C_RBO_full,0.2,0.36382047166024145,0,88,0.2312191386155904,59.09090909090909,0.14363737936124893,1.4487079139114079,-6.5941148256191795,-23,0.0073233235780876815,-0.6293706293706265,-0.004186811993716094,-0.23992312169864616,-0.5268636501335244,True,False,mlp
56,0.3281932355785983,62.5,0.18706160829690507,1.505049213213157,64.73394495412843,218,-6.46149391140014,,C_RBO_full,0.3,0.38465683370083537,0,88,0.2312191386155904,59.09090909090909,0.14363737936124893,1.4487079139114079,-6.5941148256191795,-32,0.0969740969630079,3.4090909090909065,0.043424228935656145,0.05634129930174914,0.13262091421903932,True,True,mlp
47,0.3044672296765237,59.57446808510638,0.15988594011056387,1.17850445185008,54.330275229357795,218,-6.46149391140014,,C_RBO_full,0.4,0.4170343889617904,0,88,0.2312191386155904,59.09090909090909,0.14363737936124893,1.4487079139114079,-6.5941148256191795,-41,0.07324809106093327,0.4835589941972884,0.01624856074931494,-0.27020346206132784,0.13262091421903932,True,True,mlp
39,-0.01860743401290294,56.41025641025641,-0.014764634254658302,-0.09913500214341192,45.08256880733945,218,-9.322878022338,,C_RBO_full,0.5,0.44813040248521074,0,88,0.2312191386155904,59.09090909090909,0.14363737936124893,1.4487079139114079,-6.5941148256191795,-49,-0.24982657262849334,-2.6806526806526847,-0.15840201361590722,-1.5478429160548197,-2.7287631967188197,True,False,mlp
88,0.2312191386155904,59.09090909090909,0.14363737936124893,1.4487079139114079,101.72477064220183,218,-6.5941148256191795,,C_Mallows_full,0.2,0.6065306597126334,0,88,0.2312191386155904,59.09090909090909,0.14363737936124893,1.4487079139114079,-6.5941148256191795,0,0.0,0.0,0.0,0.0,0.0,False,False,mlp
88,0.2312191386155904,59.09090909090909,0.14363737936124893,1.4487079139114079,101.72477064220183,218,-6.5941148256191795,,C_Mallows_full,0.3,0.6065306597126334,0,88,0.2312191386155904,59.09090909090909,0.14363737936124893,1.4487079139114079,-6.5941148256191795,0,0.0,0.0,0.0,0.0,0.0,False,False,mlp
88,0.2312191386155904,59.09090909090909,0.14363737936124893,1.4487079139114079,101.72477064220183,218,-6.5941148256191795,,C_Mallows_full,0.4,0.6065306597126334,0,88,0.2312191386155904,59.09090909090909,0.14363737936124893,1.4487079139114079,-6.5941148256191795,0,0.0,0.0,0.0,0.0,0.0,False,False,mlp
41,0.20636538282534644,60.97560975609756,0.16637578739961975,1.1453918163037844,47.39449541284404,218,-7.2008869418285215,,C_Mallows_full,0.5,0.6152575700805322,0,88,0.2312191386155904,59.09090909090909,0.14363737936124893,1.4487079139114079,-6.5941148256191795,-47,-0.02485375579024396,1.8847006651884683,0.022738408038370822,-0.30331609760762346,-0.606772116209342,True,True,mlp
176,0.21576386751223034,58.52272727272727,0.1436985123126898,2.049654354143243,203.44954128440367,218,-13.807377174737034,,C_tau_full,0.2,0.0,0,176,0.21576386751223034,58.52272727272727,0.1436985123126898,2.049654354143243,-13.807377174737034,0,0.0,0.0,0.0,0.0,0.0,False,False,rf
176,0.21576386751223034,58.52272727272727,0.1436985123126898,2.049654354143243,203.44954128440367,218,-13.807377174737034,,C_tau_full,0.3,0.0,0,176,0.21576386751223034,58.52272727272727,0.1436985123126898,2.049654354143243,-13.807377174737034,0,0.0,0.0,0.0,0.0,0.0,False,False,rf
176,0.21576386751223034,58.52272727272727,0.1436985123126898,2.049654354143243,203.44954128440367,218,-13.807377174737034,,C_tau_full,0.4,0.0,0,176,0.21576386751223034,58.52272727272727,0.1436985123126898,2.049654354143243,-13.807377174737034,0,0.0,0.0,0.0,0.0,0.0,False,False,rf
85,0.2605616447173579,55.294117647058826,0.15043824834747885,1.4912132518764347,98.25688073394495,218,-11.171942647706512,,C_tau_full,0.5,0.028571428571428574,0,176,0.21576386751223034,58.52272727272727,0.1436985123126898,2.049654354143243,-13.807377174737034,-91,0.04479777720512754,-3.2286096256684473,0.006739736034789057,-0.5584411022668083,2.6354345270305224,True,True,rf
176,0.21576386751223034,58.52272727272727,0.1436985123126898,2.049654354143243,203.44954128440367,218,-13.807377174737034,,C_tau_ties3,0.2,0.0,0,176,0.21576386751223034,58.52272727272727,0.1436985123126898,2.049654354143243,-13.807377174737034,0,0.0,0.0,0.0,0.0,0.0,False,False,rf
176,0.21576386751223034,58.52272727272727,0.1436985123126898,2.049654354143243,203.44954128440367,218,-13.807377174737034,,C_tau_ties3,0.3,0.0,0,176,0.21576386751223034,58.52272727272727,0.1436985123126898,2.049654354143243,-13.807377174737034,0,0.0,0.0,0.0,0.0,0.0,False,False,rf
106,0.3267928436037096,64.15094339622641,0.19991653931032,2.21296059870562,122.53211009174312,218,-11.794827496460858,,C_tau_ties3,0.4,0.05128205128205128,0,176,0.21576386751223034,58.52272727272727,0.1436985123126898,2.049654354143243,-13.807377174737034,-70,0.11102897609147924,5.628216123499136,0.056218026997630205,0.16330624456237697,2.0125496782761765,True,True,rf
103,0.30721434753295523,63.10679611650486,0.18570854373075832,2.026387605221896,119.06422018348623,218,-11.794827496460858,,C_tau_ties3,0.5,0.10256410256410256,0,176,0.21576386751223034,58.52272727272727,0.1436985123126898,2.049654354143243,-13.807377174737034,-73,0.0914504800207249,4.584068843777587,0.04201003141806853,-0.02326674892134717,2.0125496782761765,True,True,rf
176,0.21576386751223034,58.52272727272727,0.1436985123126898,2.049654354143243,203.44954128440367,218,-13.807377174737034,,C_tau_ties5,0.2,0.0,0,176,0.21576386751223034,58.52272727272727,0.1436985123126898,2.049654354143243,-13.807377174737034,0,0.0,0.0,0.0,0.0,0.0,False,False,rf
176,0.21576386751223034,58.52272727272727,0.1436985123126898,2.049654354143243,203.44954128440367,218,-13.807377174737034,,C_tau_ties5,0.3,0.0,0,176,0.21576386751223034,58.52272727272727,0.1436985123126898,2.049654354143243,-13.807377174737034,0,0.0,0.0,0.0,0.0,0.0,False,False,rf
176,0.21576386751223034,58.52272727272727,0.1436985123126898,2.049654354143243,203.44954128440367,218,-13.807377174737034,,C_tau_ties5,0.4,0.0,0,176,0.21576386751223034,58.52272727272727,0.1436985123126898,2.049654354143243,-13.807377174737034,0,0.0,0.0,0.0,0.0,0.0,False,False,rf
95,0.19566430241623714,61.05263157894737,0.14309871902633886,1.4995797678693572,109.81651376146789,218,-11.420455771746418,,C_tau_ties5,0.5,0.033333333333333326,0,176,0.21576386751223034,58.52272727272727,0.1436985123126898,2.049654354143243,-13.807377174737034,-81,-0.0200995650959932,2.5299043062200965,-0.0005997932863509303,-0.5500745862738858,2.386921402990616,True,False,rf
176,0.21576386751223034,58.52272727272727,0.1436985123126898,2.049654354143243,203.44954128440367,218,-13.807377174737034,,C_tau_ties10,0.2,0.0,0,176,0.21576386751223034,58.52272727272727,0.1436985123126898,2.049654354143243,-13.807377174737034,0,0.0,0.0,0.0,0.0,0.0,False,False,rf
176,0.21576386751223034,58.52272727272727,0.1436985123126898,2.049654354143243,203.44954128440367,218,-13.807377174737034,,C_tau_ties10,0.3,0.0,0,176,0.21576386751223034,58.52272727272727,0.1436985123126898,2.049654354143243,-13.807377174737034,0,0.0,0.0,0.0,0.0,0.0,False,False,rf
176,0.21576386751223034,58.52272727272727,0.1436985123126898,2.049654354143243,203.44954128440367,218,-13.807377174737034,,C_tau_ties10,0.4,0.0,0,176,0.21576386751223034,58.52272727272727,0.1436985123126898,2.049654354143243,-13.807377174737034,0,0.0,0.0,0.0,0.0,0.0,False,False,rf
176,0.21576386751223034,58.52272727272727,0.1436985123126898,2.049654354143243,203.44954128440367,218,-13.807377174737034,,C_tau_ties10,0.5,0.0,0,176,0.21576386751223034,58.52272727272727,0.1436985123126898,2.049654354143243,-13.807377174737034,0,0.0,0.0,0.0,0.0,0.0,False,False,rf
140,0.22785735695785964,60.0,0.14686686059129564,1.8683569547084142,161.8348623853211,218,-14.838796338952243,,C_RBO_full,0.2,0.32580261645765,0,176,0.21576386751223034,58.52272727272727,0.1436985123126898,2.049654354143243,-13.807377174737034,-36,0.012093489445629296,1.4772727272727266,0.003168348278605848,-0.1812973994348288,-1.0314191642152082,True,True,rf
127,0.2659276143705759,60.629921259842526,0.1688191747090737,2.0454819755007763,146.80733944954127,218,-13.57908881535721,,C_RBO_full,0.3,0.35387698036140447,0,176,0.21576386751223034,58.52272727272727,0.1436985123126898,2.049654354143243,-13.807377174737034,-49,0.05016374685834554,2.1071939871152523,0.025120662396383914,-0.004172378642466779,0.2282883593798246,True,True,rf
107,0.32235663190333785,63.55140186915887,0.19728977971669998,2.1941610448904587,123.6880733944954,218,-12.079940336098982,,C_RBO_full,0.4,0.3820583526673278,0,176,0.21576386751223034,58.52272727272727,0.1436985123126898,2.049654354143243,-13.807377174737034,-69,0.10659276439110751,5.0286745964316,0.053591267404010184,0.14450669074721567,1.7274368386380523,True,True,rf
90,0.2949765278619074,63.33333333333333,0.1712018567881805,1.7462312215035245,104.03669724770641,218,-11.420455771746418,,C_RBO_full,0.5,0.40321581681698604,0,176,0.21576386751223034,58.52272727272727,0.1436985123126898,2.049654354143243,-13.807377174737034,-86,0.07921266034967708,4.810606060606055,0.027503344475490715,-0.30342313263971854,2.386921402990616,True,True,rf
176,0.21576386751223034,58.52272727272727,0.1436985123126898,2.049654354143243,203.44954128440367,218,-13.807377174737034,,C_Mallows_full,0.2,0.6065306597126334,0,176,0.21576386751223034,58.52272727272727,0.1436985123126898,2.049654354143243,-13.807377174737034,0,0.0,0.0,0.0,0.0,0.0,False,False,rf
176,0.21576386751223034,58.52272727272727,0.1436985123126898,2.049654354143243,203.44954128440367,218,-13.807377174737034,,C_Mallows_full,0.3,0.6065306597126334,0,176,0.21576386751223034,58.52272727272727,0.1436985123126898,2.049654354143243,-13.807377174737034,0,0.0,0.0,0.0,0.0,0.0,False,False,rf
176,0.21576386751223034,58.52272727272727,0.1436985123126898,2.049654354143243,203.44954128440367,218,-13.807377174737034,,C_Mallows_full,0.4,0.6065306597126334,0,176,0.21576386751223034,58.52272727272727,0.1436985123126898,2.049654354143243,-13.807377174737034,0,0.0,0.0,0.0,0.0,0.0,False,False,rf
85,0.2605616447173579,55.294117647058826,0.15043824834747885,1.4912132518764347,98.25688073394495,218,-11.171942647706512,,C_Mallows_full,0.5,0.6152575700805322,0,176,0.21576386751223034,58.52272727272727,0.1436985123126898,2.049654354143243,-13.807377174737034,-91,0.04479777720512754,-3.2286096256684473,0.006739736034789057,-0.5584411022668083,2.6354345270305224,True,True,rf
62,0.22499383295453154,59.67741935483871,0.12946946260492884,1.0960622334219527,71.6697247706422,218,-6.875406720451338,,C_tau_full,0.2,0.0,5,62,0.22499383295453154,59.67741935483871,0.12946946260492884,1.0960622334219527,-6.875406720451338,0,0.0,0.0,0.0,0.0,0.0,False,False,gbm
62,0.22499383295453154,59.67741935483871,0.12946946260492884,1.0960622334219527,71.6697247706422,218,-6.875406720451338,,C_tau_full,0.3,0.0,5,62,0.22499383295453154,59.67741935483871,0.12946946260492884,1.0960622334219527,-6.875406720451338,0,0.0,0.0,0.0,0.0,0.0,False,False,gbm
62,0.22499383295453154,59.67741935483871,0.12946946260492884,1.0960622334219527,71.6697247706422,218,-6.875406720451338,,C_tau_full,0.4,0.0,5,62,0.22499383295453154,59.67741935483871,0.12946946260492884,1.0960622334219527,-6.875406720451338,0,0.0,0.0,0.0,0.0,0.0,False,False,gbm
62,0.22499383295453154,59.67741935483871,0.12946946260492884,1.0960622334219527,71.6697247706422,218,-6.875406720451338,,C_tau_full,0.5,0.0,5,62,0.22499383295453154,59.67741935483871,0.12946946260492884,1.0960622334219527,-6.875406720451338,0,0.0,0.0,0.0,0.0,0.0,False,False,gbm
62,0.22499383295453154,59.67741935483871,0.12946946260492884,1.0960622334219527,71.6697247706422,218,-6.875406720451338,,C_tau_ties3,0.2,0.0,5,62,0.22499383295453154,59.67741935483871,0.12946946260492884,1.0960622334219527,-6.875406720451338,0,0.0,0.0,0.0,0.0,0.0,False,False,gbm
62,0.22499383295453154,59.67741935483871,0.12946946260492884,1.0960622334219527,71.6697247706422,218,-6.875406720451338,,C_tau_ties3,0.3,0.0,5,62,0.22499383295453154,59.67741935483871,0.12946946260492884,1.0960622334219527,-6.875406720451338,0,0.0,0.0,0.0,0.0,0.0,False,False,gbm
46,0.0821617102671805,58.69565217391305,0.06596703628039566,0.48103636856431214,53.174311926605505,218,-6.950430396507922,,C_tau_ties3,0.4,0.10256410256410256,5,62,0.22499383295453154,59.67741935483871,0.12946946260492884,1.0960622334219527,-6.875406720451338,-16,-0.14283212268735104,-0.9817671809256652,-0.06350242632453318,-0.6150258648576405,-0.07502367605658478,True,False,gbm
41,0.0996204973048676,60.97560975609756,0.08142307317430826,0.5605462377055594,47.39449541284404,218,-6.910658547920723,,C_tau_ties3,0.5,0.15384615384615383,5,62,0.22499383295453154,59.67741935483871,0.12946946260492884,1.0960622334219527,-6.875406720451338,-21,-0.12537333564966394,1.29819040125885,-0.048046389430620576,-0.5355159957163933,-0.035251827469385155,True,False,gbm
62,0.22499383295453154,59.67741935483871,0.12946946260492884,1.0960622334219527,71.6697247706422,218,-6.875406720451338,,C_tau_ties5,0.2,0.0,5,62,0.22499383295453154,59.67741935483871,0.12946946260492884,1.0960622334219527,-6.875406720451338,0,0.0,0.0,0.0,0.0,0.0,False,False,gbm
62,0.22499383295453154,59.67741935483871,0.12946946260492884,1.0960622334219527,71.6697247706422,218,-6.875406720451338,,C_tau_ties5,0.3,0.0,5,62,0.22499383295453154,59.67741935483871,0.12946946260492884,1.0960622334219527,-6.875406720451338,0,0.0,0.0,0.0,0.0,0.0,False,False,gbm
41,0.34169933898333876,63.41463414634146,0.170961717006471,1.1769630342311632,47.39449541284404,218,-5.135441104362032,,C_tau_ties5,0.4,0.06666666666666665,5,62,0.22499383295453154,59.67741935483871,0.12946946260492884,1.0960622334219527,-6.875406720451338,-21,0.11670550602880722,3.737214791502751,0.04149225440154217,0.08090080080921047,1.7399656160893056,True,True,gbm
37,0.147718443948888,64.86486486486487,0.11479794747817547,0.7507701702474039,42.77064220183486,218,-5.135441104362032,,C_tau_ties5,0.5,0.1333333333333333,5,62,0.22499383295453154,59.67741935483871,0.12946946260492884,1.0960622334219527,-6.875406720451338,-25,-0.07727538900564354,5.1874455100261585,-0.014671515126753368,-0.34529206317454886,1.7399656160893056,True,False,gbm
62,0.22499383295453154,59.67741935483871,0.12946946260492884,1.0960622334219527,71.6697247706422,218,-6.875406720451338,,C_tau_ties10,0.2,0.0,5,62,0.22499383295453154,59.67741935483871,0.12946946260492884,1.0960622334219527,-6.875406720451338,0,0.0,0.0,0.0,0.0,0.0,False,False,gbm
62,0.22499383295453154,59.67741935483871,0.12946946260492884,1.0960622334219527,71.6697247706422,218,-6.875406720451338,,C_tau_ties10,0.3,0.0,5,62,0.22499383295453154,59.67741935483871,0.12946946260492884,1.0960622334219527,-6.875406720451338,0,0.0,0.0,0.0,0.0,0.0,False,False,gbm
38,0.08414042284255054,60.526315789473685,0.06395368997606155,0.42386682738459003,43.92660550458715,218,-6.241869326048005,,C_tau_ties10,0.4,0.03157894736842106,5,62,0.22499383295453154,59.67741935483871,0.12946946260492884,1.0960622334219527,-6.875406720451338,-24,-0.140853410111981,0.8488964346349732,-0.06551577262886729,-0.6721954060373627,0.6335373944033327,True,False,gbm
32,0.23190471303799198,68.75,0.17454362001120882,1.0615757560492642,36.99082568807339,218,-5.348568103562679,,C_tau_ties10,0.5,0.0736842105263158,5,62,0.22499383295453154,59.67741935483871,0.12946946260492884,1.0960622334219527,-6.875406720451338,-30,0.006910880083460441,9.072580645161288,0.045074157406279985,-0.03448647737268851,1.526838616888659,True,True,gbm
53,0.24324715426282828,60.37735849056604,0.1314794971896161,1.0291246789877666,61.26605504587156,218,-8.20553212690705,,C_RBO_full,0.2,0.3438685731955077,5,62,0.22499383295453154,59.67741935483871,0.12946946260492884,1.0960622334219527,-6.875406720451338,-9,0.01825332130829674,0.6999391357273268,0.0020100345846872647,-0.06693755443418614,-1.3301254064557124,True,True,gbm
47,0.09740064400492253,61.702127659574465,0.07532273056795132,0.5551968687080929,54.330275229357795,218,-6.241869326048005,,C_RBO_full,0.3,0.37904114967929814,5,62,0.22499383295453154,59.67741935483871,0.12946946260492884,1.0960622334219527,-6.875406720451338,-15,-0.12759318894960903,2.0247083047357535,-0.05414673203697752,-0.5408653647138598,0.6335373944033327,True,False,gbm
39,0.16521673624895705,66.66666666666666,0.1275338119694281,0.8563073425918294,45.08256880733945,218,-4.518556573770782,,C_RBO_full,0.4,0.41132429603094434,5,62,0.22499383295453154,59.67741935483871,0.12946946260492884,1.0960622334219527,-6.875406720451338,-23,-0.05977709670557449,6.9892473118279455,-0.0019356506355007463,-0.23975489083012336,2.3568501466805554,True,False,gbm
33,0.2892933617319347,72.72727272727273,0.23545985610355818,1.454272754572356,38.146788990825684,218,-4.518556573770782,,C_RBO_full,0.5,0.4452730503512067,5,62,0.22499383295453154,59.67741935483871,0.12946946260492884,1.0960622334219527,-6.875406720451338,-29,0.06429952877740316,13.049853372434022,0.10599039349862935,0.3582105211504032,2.3568501466805554,True,True,gbm
62,0.22499383295453154,59.67741935483871,0.12946946260492884,1.0960622334219527,71.6697247706422,218,-6.875406720451338,,C_Mallows_full,0.2,0.6065306597126334,5,62,0.22499383295453154,59.67741935483871,0.12946946260492884,1.0960622334219527,-6.875406720451338,0,0.0,0.0,0.0,0.0,0.0,False,False,gbm
62,0.22499383295453154,59.67741935483871,0.12946946260492884,1.0960622334219527,71.6697247706422,218,-6.875406720451338,,C_Mallows_full,0.3,0.6065306597126334,5,62,0.22499383295453154,59.67741935483871,0.12946946260492884,1.0960622334219527,-6.875406720451338,0,0.0,0.0,0.0,0.0,0.0,False,False,gbm
62,0.22499383295453154,59.67741935483871,0.12946946260492884,1.0960622334219527,71.6697247706422,218,-6.875406720451338,,C_Mallows_full,0.4,0.6065306597126334,5,62,0.22499383295453154,59.67741935483871,0.12946946260492884,1.0960622334219527,-6.875406720451338,0,0.0,0.0,0.0,0.0,0.0,False,False,gbm
62,0.22499383295453154,59.67741935483871,0.12946946260492884,1.0960622334219527,71.6697247706422,218,-6.875406720451338,,C_Mallows_full,0.5,0.6065306597126334,5,62,0.22499383295453154,59.67741935483871,0.12946946260492884,1.0960622334219527,-6.875406720451338,0,0.0,0.0,0.0,0.0,0.0,False,False,gbm
88,0.18121913861559036,59.09090909090909,0.11257650347068283,1.1354319622351208,101.72477064220183,218,-6.761493911400141,,C_tau_full,0.2,0.0,5,88,0.18121913861559036,59.09090909090909,0.11257650347068283,1.1354319622351208,-6.761493911400141,0,0.0,0.0,0.0,0.0,0.0,False,False,mlp
88,0.18121913861559036,59.09090909090909,0.11257650347068283,1.1354319622351208,101.72477064220183,218,-6.761493911400141,,C_tau_full,0.3,0.0,5,88,0.18121913861559036,59.09090909090909,0.11257650347068283,1.1354319622351208,-6.761493911400141,0,0.0,0.0,0.0,0.0,0.0,False,False,mlp
88,0.18121913861559036,59.09090909090909,0.11257650347068283,1.1354319622351208,101.72477064220183,218,-6.761493911400141,,C_tau_full,0.4,0.0,5,88,0.18121913861559036,59.09090909090909,0.11257650347068283,1.1354319622351208,-6.761493911400141,0,0.0,0.0,0.0,0.0,0.0,False,False,mlp
41,0.1563653828253464,60.97560975609756,0.12606481442494477,0.8678763239711467,47.39449541284404,218,-7.400886941828522,,C_tau_full,0.5,0.028571428571428574,5,88,0.18121913861559036,59.09090909090909,0.11257650347068283,1.1354319622351208,-6.761493911400141,-47,-0.02485375579024396,1.8847006651884683,0.013488310954261937,-0.2675556382639741,-0.6393930304283808,True,True,mlp
88,0.18121913861559036,59.09090909090909,0.11257650347068283,1.1354319622351208,101.72477064220183,218,-6.761493911400141,,C_tau_ties3,0.2,0.0,5,88,0.18121913861559036,59.09090909090909,0.11257650347068283,1.1354319622351208,-6.761493911400141,0,0.0,0.0,0.0,0.0,0.0,False,False,mlp
88,0.18121913861559036,59.09090909090909,0.11257650347068283,1.1354319622351208,101.72477064220183,218,-6.761493911400141,,C_tau_ties3,0.3,0.0,5,88,0.18121913861559036,59.09090909090909,0.11257650347068283,1.1354319622351208,-6.761493911400141,0,0.0,0.0,0.0,0.0,0.0,False,False,mlp
52,0.20264989906895137,57.692307692307686,0.11278349124444692,0.874418282956724,60.11009174311926,218,-7.4709784757527045,,C_tau_ties3,0.4,0.10256410256410256,5,88,0.18121913861559036,59.09090909090909,0.11257650347068283,1.1354319622351208,-6.761493911400141,-36,0.02143076045336101,-1.3986013986014072,0.00020698777376408628,-0.2610136792783968,-0.7094845643525636,True,True,mlp
45,0.15105276721127134,55.55555555555556,0.07973269112696107,0.5750620432003951,52.01834862385321,218,-6.761493911400141,,C_tau_ties3,0.5,0.15384615384615383,5,88,0.18121913861559036,59.09090909090909,0.11257650347068283,1.1354319622351208,-6.761493911400141,-43,-0.03016637140431902,-3.5353535353535364,-0.03284381234372176,-0.5603699190347257,0.0,True,False,mlp
88,0.18121913861559036,59.09090909090909,0.11257650347068283,1.1354319622351208,101.72477064220183,218,-6.761493911400141,,C_tau_ties5,0.2,0.0,5,88,0.18121913861559036,59.09090909090909,0.11257650347068283,1.1354319622351208,-6.761493911400141,0,0.0,0.0,0.0,0.0,0.0,False,False,mlp
88,0.18121913861559036,59.09090909090909,0.11257650347068283,1.1354319622351208,101.72477064220183,218,-6.761493911400141,,C_tau_ties5,0.3,0.0,5,88,0.18121913861559036,59.09090909090909,0.11257650347068283,1.1354319622351208,-6.761493911400141,0,0.0,0.0,0.0,0.0,0.0,False,False,mlp
88,0.18121913861559036,59.09090909090909,0.11257650347068283,1.1354319622351208,101.72477064220183,218,-6.761493911400141,,C_tau_ties5,0.4,0.0,5,88,0.18121913861559036,59.09090909090909,0.11257650347068283,1.1354319622351208,-6.761493911400141,0,0.0,0.0,0.0,0.0,0.0,False,False,mlp
43,0.006207065002433473,58.139534883720934,0.005179337011032851,0.03651576656991449,49.70642201834862,218,-8.808587589423627,,C_tau_ties5,0.5,0.1333333333333333,5,88,0.18121913861559036,59.09090909090909,0.11257650347068283,1.1354319622351208,-6.761493911400141,-45,-0.17501207361315688,-0.9513742071881595,-0.10739716645964999,-1.0989161956652063,-2.0470936780234865,True,False,mlp
88,0.18121913861559036,59.09090909090909,0.11257650347068283,1.1354319622351208,101.72477064220183,218,-6.761493911400141,,C_tau_ties10,0.2,0.0,5,88,0.18121913861559036,59.09090909090909,0.11257650347068283,1.1354319622351208,-6.761493911400141,0,0.0,0.0,0.0,0.0,0.0,False,False,mlp
88,0.18121913861559036,59.09090909090909,0.11257650347068283,1.1354319622351208,101.72477064220183,218,-6.761493911400141,,C_tau_ties10,0.3,0.0,5,88,0.18121913861559036,59.09090909090909,0.11257650347068283,1.1354319622351208,-6.761493911400141,0,0.0,0.0,0.0,0.0,0.0,False,False,mlp
48,0.22336271251548098,58.333333333333336,0.11835029734584791,0.8815805413643298,55.486238532110086,218,-6.74411482561918,,C_tau_ties10,0.4,0.04210526315789474,5,88,0.18121913861559036,59.09090909090909,0.11257650347068283,1.1354319622351208,-6.761493911400141,-40,0.042143573899890624,-0.7575757575757578,0.005773793875165079,-0.25385142087079093,0.017379085780961034,True,True,mlp
39,0.22604869081868165,58.97435897435898,0.11258638824632342,0.7559450269888573,45.08256880733945,218,-6.74411482561918,,C_tau_ties10,0.5,0.08421052631578949,5,88,0.18121913861559036,59.09090909090909,0.11257650347068283,1.1354319622351208,-6.761493911400141,-49,0.04482955220309129,-0.11655011655011549,9.884775640581211e-06,-0.3794869352462634,0.017379085780961034,True,True,mlp
65,0.18854246219367804,58.46153846153847,0.1102208516001342,0.9554158990822543,75.13761467889908,218,-7.4709784757527045,,C_RBO_full,0.2,0.36382047166024145,5,88,0.18121913861559036,59.09090909090909,0.11257650347068283,1.1354319622351208,-6.761493911400141,-23,0.0073233235780876815,-0.6293706293706265,-0.0023556518705486335,-0.18001606315286645,-0.7094845643525636,True,False,mlp
56,0.27819323557859826,62.5,0.15856290874767162,1.2757560636209988,64.73394495412843,218,-6.761493911400141,,C_RBO_full,0.3,0.38465683370083537,5,88,0.18121913861559036,59.09090909090909,0.11257650347068283,1.1354319622351208,-6.761493911400141,-32,0.0969740969630079,3.4090909090909065,0.04598640527698879,0.14032410138587803,0.0,True,True,mlp
47,0.25446722967652363,59.57446808510638,0.13362926541351483,0.984968935219577,54.330275229357795,218,-6.761493911400141,,C_RBO_full,0.4,0.4170343889617904,5,88,0.18121913861559036,59.09090909090909,0.11257650347068283,1.1354319622351208,-6.761493911400141,-41,0.07324809106093327,0.4835589941972884,0.021052761942831996,-0.15046302701554382,0.0,True,True,mlp
39,-0.06860743401290298,56.41025641025641,-0.05443865444578214,-0.36552047494602646,45.08256880733945,218,-10.322878022338,,C_RBO_full,0.5,0.44813040248521074,5,88,0.18121913861559036,59.09090909090909,0.11257650347068283,1.1354319622351208,-6.761493911400141,-49,-0.24982657262849334,-2.6806526806526847,-0.16701515791646498,-1.5009524371811471,-3.5613841109378583,True,False,mlp
88,0.18121913861559036,59.09090909090909,0.11257650347068283,1.1354319622351208,101.72477064220183,218,-6.761493911400141,,C_Mallows_full,0.2,0.6065306597126334,5,88,0.18121913861559036,59.09090909090909,0.11257650347068283,1.1354319622351208,-6.761493911400141,0,0.0,0.0,0.0,0.0,0.0,False,False,mlp
88,0.18121913861559036,59.09090909090909,0.11257650347068283,1.1354319622351208,101.72477064220183,218,-6.761493911400141,,C_Mallows_full,0.3,0.6065306597126334,5,88,0.18121913861559036,59.09090909090909,0.11257650347068283,1.1354319622351208,-6.761493911400141,0,0.0,0.0,0.0,0.0,0.0,False,False,mlp
88,0.18121913861559036,59.09090909090909,0.11257650347068283,1.1354319622351208,101.72477064220183,218,-6.761493911400141,,C_Mallows_full,0.4,0.6065306597126334,5,88,0.18121913861559036,59.09090909090909,0.11257650347068283,1.1354319622351208,-6.761493911400141,0,0.0,0.0,0.0,0.0,0.0,False,False,mlp
41,0.1563653828253464,60.97560975609756,0.12606481442494477,0.8678763239711467,47.39449541284404,218,-7.400886941828522,,C_Mallows_full,0.5,0.6152575700805322,5,88,0.18121913861559036,59.09090909090909,0.11257650347068283,1.1354319622351208,-6.761493911400141,-47,-0.02485375579024396,1.8847006651884683,0.013488310954261937,-0.2675556382639741,-0.6393930304283808,True,True,mlp
176,0.16576386751223032,58.52272727272727,0.11039856409393986,1.5746780808274476,203.44954128440367,218,-14.607377174737035,,C_tau_full,0.2,0.0,5,176,0.16576386751223032,58.52272727272727,0.11039856409393986,1.5746780808274476,-14.607377174737035,0,0.0,0.0,0.0,0.0,0.0,False,False,rf
176,0.16576386751223032,58.52272727272727,0.11039856409393986,1.5746780808274476,203.44954128440367,218,-14.607377174737035,,C_tau_full,0.3,0.0,5,176,0.16576386751223032,58.52272727272727,0.11039856409393986,1.5746780808274476,-14.607377174737035,0,0.0,0.0,0.0,0.0,0.0,False,False,rf
176,0.16576386751223032,58.52272727272727,0.11039856409393986,1.5746780808274476,203.44954128440367,218,-14.607377174737035,,C_tau_full,0.4,0.0,5,176,0.16576386751223032,58.52272727272727,0.11039856409393986,1.5746780808274476,-14.607377174737035,0,0.0,0.0,0.0,0.0,0.0,False,False,rf
85,0.21056164471735783,55.294117647058826,0.12157017597430482,1.2050596137433134,98.25688073394495,218,-11.571942647706512,,C_tau_full,0.5,0.028571428571428574,5,176,0.16576386751223032,58.52272727272727,0.11039856409393986,1.5746780808274476,-14.607377174737035,-91,0.04479777720512751,-3.2286096256684473,0.01117161188036496,-0.36961846708413426,3.0354345270305227,True,True,rf
176,0.16576386751223032,58.52272727272727,0.11039856409393986,1.5746780808274476,203.44954128440367,218,-14.607377174737035,,C_tau_ties3,0.2,0.0,5,176,0.16576386751223032,58.52272727272727,0.11039856409393986,1.5746780808274476,-14.607377174737035,0,0.0,0.0,0.0,0.0,0.0,False,False,rf
176,0.16576386751223032,58.52272727272727,0.11039856409393986,1.5746780808274476,203.44954128440367,218,-14.607377174737035,,C_tau_ties3,0.3,0.0,5,176,0.16576386751223032,58.52272727272727,0.11039856409393986,1.5746780808274476,-14.607377174737035,0,0.0,0.0,0.0,0.0,0.0,False,False,rf
106,0.27679284360370954,64.15094339622641,0.16932888367108698,1.8743729212182265,122.53211009174312,218,-12.144827496460858,,C_tau_ties3,0.4,0.05128205128205128,5,176,0.16576386751223032,58.52272727272727,0.11039856409393986,1.5746780808274476,-14.607377174737035,-70,0.11102897609147921,5.628216123499136,0.05893031957714712,0.29969484039077887,2.4625496782761775,True,True,rf
103,0.2572143475329552,63.10679611650486,0.15548395539006613,1.6965873173293322,119.06422018348623,218,-12.144827496460858,,C_tau_ties3,0.5,0.10256410256410256,5,176,0.16576386751223032,58.52272727272727,0.11039856409393986,1.5746780808274476,-14.607377174737035,-73,0.09145048002072487,4.584068843777587,0.045085391296126265,0.12190923650188457,2.4625496782761775,True,True,rf
176,0.16576386751223032,58.52272727272727,0.11039856409393986,1.5746780808274476,203.44954128440367,218,-14.607377174737035,,C_tau_ties5,0.2,0.0,5,176,0.16576386751223032,58.52272727272727,0.11039856409393986,1.5746780808274476,-14.607377174737035,0,0.0,0.0,0.0,0.0,0.0,False,False,rf
176,0.16576386751223032,58.52272727272727,0.11039856409393986,1.5746780808274476,203.44954128440367,218,-14.607377174737035,,C_tau_ties5,0.3,0.0,5,176,0.16576386751223032,58.52272727272727,0.11039856409393986,1.5746780808274476,-14.607377174737035,0,0.0,0.0,0.0,0.0,0.0,False,False,rf
176,0.16576386751223032,58.52272727272727,0.11039856409393986,1.5746780808274476,203.44954128440367,218,-14.607377174737035,,C_tau_ties5,0.4,0.0,5,176,0.16576386751223032,58.52272727272727,0.11039856409393986,1.5746780808274476,-14.607377174737035,0,0.0,0.0,0.0,0.0,0.0,False,False,rf
95,0.14566430241623712,61.05263157894737,0.10653131320442132,1.1163775819439712,109.81651376146789,218,-11.720455771746419,,C_tau_ties5,0.5,0.033333333333333326,5,176,0.16576386751223032,58.52272727272727,0.11039856409393986,1.5746780808274476,-14.607377174737035,-81,-0.0200995650959932,2.5299043062200965,-0.003867250889518545,-0.45830049888347646,2.886921402990616,True,False,rf
176,0.16576386751223032,58.52272727272727,0.11039856409393986,1.5746780808274476,203.44954128440367,218,-14.607377174737035,,C_tau_ties10,0.2,0.0,5,176,0.16576386751223032,58.52272727272727,0.11039856409393986,1.5746780808274476,-14.607377174737035,0,0.0,0.0,0.0,0.0,0.0,False,False,rf
176,0.16576386751223032,58.52272727272727,0.11039856409393986,1.5746780808274476,203.44954128440367,218,-14.607377174737035,,C_tau_ties10,0.3,0.0,5,176,0.16576386751223032,58.52272727272727,0.11039856409393986,1.5746780808274476,-14.607377174737035,0,0.0,0.0,0.0,0.0,0.0,False,False,rf
176,0.16576386751223032,58.52272727272727,0.11039856409393986,1.5746780808274476,203.44954128440367,218,-14.607377174737035,,C_tau_ties10,0.4,0.0,5,176,0.16576386751223032,58.52272727272727,0.11039856409393986,1.5746780808274476,-14.607377174737035,0,0.0,0.0,0.0,0.0,0.0,False,False,rf
176,0.16576386751223032,58.52272727272727,0.11039856409393986,1.5746780808274476,203.44954128440367,218,-14.607377174737035,,C_tau_ties10,0.5,0.0,5,176,0.16576386751223032,58.52272727272727,0.11039856409393986,1.5746780808274476,-14.607377174737035,0,0.0,0.0,0.0,0.0,0.0,False,False,rf
140,0.17785735695785962,60.0,0.11463905312610646,1.4583730552080896,161.8348623853211,218,-15.588796338952243,,C_RBO_full,0.2,0.32580261645765,5,176,0.16576386751223032,58.52272727272727,0.11039856409393986,1.5746780808274476,-14.607377174737035,-36,0.012093489445629296,1.4772727272727266,0.004240489032166603,-0.11630502561935807,-0.9814191642152075,True,True,rf
127,0.2159276143705758,60.629921259842526,0.13707760941344768,1.6608882242383831,146.80733944954127,218,-14.179088815357211,,C_RBO_full,0.3,0.35387698036140447,5,176,0.16576386751223032,58.52272727272727,0.11039856409393986,1.5746780808274476,-14.607377174737035,-49,0.05016374685834549,2.1071939871152523,0.02667904531950782,0.08621014341093547,0.4282883593798239,True,True,rf
107,0.2723566319033378,63.55140186915887,0.16668861315285222,1.8538297428888293,123.6880733944954,218,-12.429940336098982,,C_RBO_full,0.4,0.3820583526673278,5,176,0.16576386751223032,58.52272727272727,0.11039856409393986,1.5746780808274476,-14.607377174737035,-69,0.10659276439110749,5.0286745964316,0.056290049058912356,0.27915166206138164,2.1774368386380534,True,True,rf
90,0.24497652786190735,63.33333333333333,0.14218228393790808,1.450236276725915,104.03669724770641,218,-11.720455771746419,,C_RBO_full,0.5,0.40321581681698604,5,176,0.16576386751223032,58.52272727272727,0.11039856409393986,1.5746780808274476,-14.607377174737035,-86,0.07921266034967703,4.810606060606055,0.03178371984396822,-0.12444180410153272,2.886921402990616,True,True,rf
176,0.16576386751223032,58.52272727272727,0.11039856409393986,1.5746780808274476,203.44954128440367,218,-14.607377174737035,,C_Mallows_full,0.2,0.6065306597126334,5,176,0.16576386751223032,58.52272727272727,0.11039856409393986,1.5746780808274476,-14.607377174737035,0,0.0,0.0,0.0,0.0,0.0,False,False,rf
176,0.16576386751223032,58.52272727272727,0.11039856409393986,1.5746780808274476,203.44954128440367,218,-14.607377174737035,,C_Mallows_full,0.3,0.6065306597126334,5,176,0.16576386751223032,58.52272727272727,0.11039856409393986,1.5746780808274476,-14.607377174737035,0,0.0,0.0,0.0,0.0,0.0,False,False,rf
176,0.16576386751223032,58.52272727272727,0.11039856409393986,1.5746780808274476,203.44954128440367,218,-14.607377174737035,,C_Mallows_full,0.4,0.6065306597126334,5,176,0.16576386751223032,58.52272727272727,0.11039856409393986,1.5746780808274476,-14.607377174737035,0,0.0,0.0,0.0,0.0,0.0,False,False,rf
85,0.21056164471735783,55.294117647058826,0.12157017597430482,1.2050596137433134,98.25688073394495,218,-11.571942647706512,,C_Mallows_full,0.5,0.6152575700805322,5,176,0.16576386751223032,58.52272727272727,0.11039856409393986,1.5746780808274476,-14.607377174737035,-91,0.04479777720512751,-3.2286096256684473,0.01117161188036496,-0.36961846708413426,3.0354345270305227,True,True,rf
62,0.1749938329545315,59.67741935483871,0.10069768230660103,0.8524861720186488,71.6697247706422,218,-7.3754067204513385,,C_tau_full,0.2,0.0,10,62,0.1749938329545315,59.67741935483871,0.10069768230660103,0.8524861720186488,-7.3754067204513385,0,0.0,0.0,0.0,0.0,0.0,False,False,gbm
62,0.1749938329545315,59.67741935483871,0.10069768230660103,0.8524861720186488,71.6697247706422,218,-7.3754067204513385,,C_tau_full,0.3,0.0,10,62,0.1749938329545315,59.67741935483871,0.10069768230660103,0.8524861720186488,-7.3754067204513385,0,0.0,0.0,0.0,0.0,0.0,False,False,gbm
62,0.1749938329545315,59.67741935483871,0.10069768230660103,0.8524861720186488,71.6697247706422,218,-7.3754067204513385,,C_tau_full,0.4,0.0,10,62,0.1749938329545315,59.67741935483871,0.10069768230660103,0.8524861720186488,-7.3754067204513385,0,0.0,0.0,0.0,0.0,0.0,False,False,gbm
62,0.1749938329545315,59.67741935483871,0.10069768230660103,0.8524861720186488,71.6697247706422,218,-7.3754067204513385,,C_tau_full,0.5,0.0,10,62,0.1749938329545315,59.67741935483871,0.10069768230660103,0.8524861720186488,-7.3754067204513385,0,0.0,0.0,0.0,0.0,0.0,False,False,gbm
62,0.1749938329545315,59.67741935483871,0.10069768230660103,0.8524861720186488,71.6697247706422,218,-7.3754067204513385,,C_tau_ties3,0.2,0.0,10,62,0.1749938329545315,59.67741935483871,0.10069768230660103,0.8524861720186488,-7.3754067204513385,0,0.0,0.0,0.0,0.0,0.0,False,False,gbm
62,0.1749938329545315,59.67741935483871,0.10069768230660103,0.8524861720186488,71.6697247706422,218,-7.3754067204513385,,C_tau_ties3,0.3,0.0,10,62,0.1749938329545315,59.67741935483871,0.10069768230660103,0.8524861720186488,-7.3754067204513385,0,0.0,0.0,0.0,0.0,0.0,False,False,gbm
46,0.03216171026718045,58.69565217391305,0.0258224019574985,0.1882988105217414,53.174311926605505,218,-7.504884955846636,,C_tau_ties3,0.4,0.10256410256410256,10,62,0.1749938329545315,59.67741935483871,0.10069768230660103,0.8524861720186488,-7.3754067204513385,-16,-0.14283212268735104,-0.9817671809256652,-0.07487528034910254,-0.6641873614969074,-0.12947823539529768,True,False,gbm
41,0.04962049730486756,60.97560975609756,0.040556446638039256,0.27920542287800143,47.39449541284404,218,-7.110658547920723,,C_tau_ties3,0.5,0.15384615384615383,10,62,0.1749938329545315,59.67741935483871,0.10069768230660103,0.8524861720186488,-7.3754067204513385,-21,-0.12537333564966394,1.29819040125885,-0.06014123566856178,-0.5732807491406474,0.26474817253061556,True,False,gbm
62,0.1749938329545315,59.67741935483871,0.10069768230660103,0.8524861720186488,71.6697247706422,218,-7.3754067204513385,,C_tau_ties5,0.2,0.0,10,62,0.1749938329545315,59.67741935483871,0.10069768230660103,0.8524861720186488,-7.3754067204513385,0,0.0,0.0,0.0,0.0,0.0,False,False,gbm
62,0.1749938329545315,59.67741935483871,0.10069768230660103,0.8524861720186488,71.6697247706422,218,-7.3754067204513385,,C_tau_ties5,0.3,0.0,10,62,0.1749938329545315,59.67741935483871,0.10069768230660103,0.8524861720186488,-7.3754067204513385,0,0.0,0.0,0.0,0.0,0.0,False,False,gbm
41,0.2916993389833387,63.41463414634146,0.1459453213770362,1.0047410103705094,47.39449541284404,218,-5.307757407281755,,C_tau_ties5,0.4,0.06666666666666665,10,62,0.1749938329545315,59.67741935483871,0.10069768230660103,0.8524861720186488,-7.3754067204513385,-21,0.11670550602880722,3.737214791502751,0.045247639070435164,0.1522548383518606,2.067649313169584,True,True,gbm
37,0.09771844394888796,64.86486486486487,0.075940935310522,0.49664815603664686,42.77064220183486,218,-5.285441104362032,,C_tau_ties5,0.5,0.1333333333333333,10,62,0.1749938329545315,59.67741935483871,0.10069768230660103,0.8524861720186488,-7.3754067204513385,-25,-0.07727538900564354,5.1874455100261585,-0.024756746996079035,-0.355838015982002,2.089965616089306,True,False,gbm
62,0.1749938329545315,59.67741935483871,0.10069768230660103,0.8524861720186488,71.6697247706422,218,-7.3754067204513385,,C_tau_ties10,0.2,0.0,10,62,0.1749938329545315,59.67741935483871,0.10069768230660103,0.8524861720186488,-7.3754067204513385,0,0.0,0.0,0.0,0.0,0.0,False,False,gbm
62,0.1749938329545315,59.67741935483871,0.10069768230660103,0.8524861720186488,71.6697247706422,218,-7.3754067204513385,,C_tau_ties10,0.3,0.0,10,62,0.1749938329545315,59.67741935483871,0.10069768230660103,0.8524861720186488,-7.3754067204513385,0,0.0,0.0,0.0,0.0,0.0,False,False,gbm
38,0.03414042284255049,60.526315789473685,0.025949548913129027,0.17198621336761524,43.92660550458715,218,-6.691869326048005,,C_tau_ties10,0.4,0.03157894736842106,10,62,0.1749938329545315,59.67741935483871,0.10069768230660103,0.8524861720186488,-7.3754067204513385,-24,-0.140853410111981,0.8488964346349732,-0.074748133393472,-0.6804999586510336,0.6835373944033334,True,False,gbm
32,0.18190471303799194,68.75,0.13691100407066642,0.8326938712996103,36.99082568807339,218,-5.748568103562679,,C_tau_ties10,0.5,0.0736842105263158,10,62,0.1749938329545315,59.67741935483871,0.10069768230660103,0.8524861720186488,-7.3754067204513385,-30,0.006910880083460441,9.072580645161288,0.03621332176406539,-0.01979230071903859,1.6268386168886595,True,True,gbm
53,0.19324715426282824,60.37735849056604,0.10445359064035534,0.8175857851193927,61.26605504587156,218,-8.85553212690705,,C_RBO_full,0.2,0.3438685731955077,10,62,0.1749938329545315,59.67741935483871,0.10069768230660103,0.8524861720186488,-7.3754067204513385,-9,0.01825332130829674,0.6999391357273268,0.0037559083337543042,-0.03490038689925612,-1.480125406455712,True,True,gbm
47,0.047400644004922485,61.702127659574465,0.03665628675873756,0.2701900936604688,54.330275229357795,218,-6.727055401481885,,C_RBO_full,0.3,0.37904114967929814,10,62,0.1749938329545315,59.67741935483871,0.10069768230660103,0.8524861720186488,-7.3754067204513385,-15,-0.12759318894960903,2.0247083047357535,-0.06404139554786348,-0.5822960783581801,0.6483513189694534,True,False,gbm
39,0.115216736248957,66.66666666666666,0.08893790005852648,0.5971606719720011,45.08256880733945,218,-4.918556573770783,,C_RBO_full,0.4,0.41132429603094434,10,62,0.1749938329545315,59.67741935483871,0.10069768230660103,0.8524861720186488,-7.3754067204513385,-23,-0.0597770967055745,6.9892473118279455,-0.011759782248074557,-0.2553255000466478,2.456850146680556,True,False,gbm
33,0.23929336173193466,72.72727272727273,0.19476416666673307,1.202923614400948,38.146788990825684,218,-4.918556573770783,,C_RBO_full,0.5,0.4452730503512067,10,62,0.1749938329545315,59.67741935483871,0.10069768230660103,0.8524861720186488,-7.3754067204513385,-29,0.06429952877740316,13.049853372434022,0.09406648436013204,0.35043744238229924,2.456850146680556,True,True,gbm
62,0.1749938329545315,59.67741935483871,0.10069768230660103,0.8524861720186488,71.6697247706422,218,-7.3754067204513385,,C_Mallows_full,0.2,0.6065306597126334,10,62,0.1749938329545315,59.67741935483871,0.10069768230660103,0.8524861720186488,-7.3754067204513385,0,0.0,0.0,0.0,0.0,0.0,False,False,gbm
62,0.1749938329545315,59.67741935483871,0.10069768230660103,0.8524861720186488,71.6697247706422,218,-7.3754067204513385,,C_Mallows_full,0.3,0.6065306597126334,10,62,0.1749938329545315,59.67741935483871,0.10069768230660103,0.8524861720186488,-7.3754067204513385,0,0.0,0.0,0.0,0.0,0.0,False,False,gbm
62,0.1749938329545315,59.67741935483871,0.10069768230660103,0.8524861720186488,71.6697247706422,218,-7.3754067204513385,,C_Mallows_full,0.4,0.6065306597126334,10,62,0.1749938329545315,59.67741935483871,0.10069768230660103,0.8524861720186488,-7.3754067204513385,0,0.0,0.0,0.0,0.0,0.0,False,False,gbm
62,0.1749938329545315,59.67741935483871,0.10069768230660103,0.8524861720186488,71.6697247706422,218,-7.3754067204513385,,C_Mallows_full,0.5,0.6065306597126334,10,62,0.1749938329545315,59.67741935483871,0.10069768230660103,0.8524861720186488,-7.3754067204513385,0,0.0,0.0,0.0,0.0,0.0,False,False,gbm
88,0.13121913861559031,59.09090909090909,0.08151562758011673,0.8221560105588334,101.72477064220183,218,-7.061493911400141,,C_tau_full,0.2,0.0,10,88,0.13121913861559031,59.09090909090909,0.08151562758011673,0.8221560105588334,-7.061493911400141,0,0.0,0.0,0.0,0.0,0.0,False,False,mlp
88,0.13121913861559031,59.09090909090909,0.08151562758011673,0.8221560105588334,101.72477064220183,218,-7.061493911400141,,C_tau_full,0.3,0.0,10,88,0.13121913861559031,59.09090909090909,0.08151562758011673,0.8221560105588334,-7.061493911400141,0,0.0,0.0,0.0,0.0,0.0,False,False,mlp
88,0.13121913861559031,59.09090909090909,0.08151562758011673,0.8221560105588334,101.72477064220183,218,-7.061493911400141,,C_tau_full,0.4,0.0,10,88,0.13121913861559031,59.09090909090909,0.08151562758011673,0.8221560105588334,-7.061493911400141,0,0.0,0.0,0.0,0.0,0.0,False,False,mlp
41,0.10636538282534636,60.97560975609756,0.0857538414502698,0.590360831638509,47.39449541284404,218,-7.600886941828522,,C_tau_full,0.5,0.028571428571428574,10,88,0.13121913861559031,59.09090909090909,0.08151562758011673,0.8221560105588334,-7.061493911400141,-47,-0.02485375579024396,1.8847006651884683,0.004238213870153079,-0.2317951789203243,-0.5393930304283812,True,True,mlp
88,0.13121913861559031,59.09090909090909,0.08151562758011673,0.8221560105588334,101.72477064220183,218,-7.061493911400141,,C_tau_ties3,0.2,0.0,10,88,0.13121913861559031,59.09090909090909,0.08151562758011673,0.8221560105588334,-7.061493911400141,0,0.0,0.0,0.0,0.0,0.0,False,False,mlp
88,0.13121913861559031,59.09090909090909,0.08151562758011673,0.8221560105588334,101.72477064220183,218,-7.061493911400141,,C_tau_ties3,0.3,0.0,10,88,0.13121913861559031,59.09090909090909,0.08151562758011673,0.8221560105588334,-7.061493911400141,0,0.0,0.0,0.0,0.0,0.0,False,False,mlp
52,0.15264989906895132,57.692307692307686,0.08495631448230291,0.6586722384301473,60.11009174311926,218,-7.820978475752705,,C_tau_ties3,0.4,0.10256410256410256,10,88,0.13121913861559031,59.09090909090909,0.08151562758011673,0.8221560105588334,-7.061493911400141,-36,0.02143076045336101,-1.3986013986014072,0.0034406869021861852,-0.16348377212868603,-0.7594845643525643,True,True,mlp
45,0.1010527672112713,55.55555555555556,0.053340360619224564,0.38471066671879783,52.01834862385321,218,-7.061493911400141,,C_tau_ties3,0.5,0.15384615384615383,10,88,0.13121913861559031,59.09090909090909,0.08151562758011673,0.8221560105588334,-7.061493911400141,-43,-0.03016637140431902,-3.5353535353535364,-0.028175266960892162,-0.4374453438400355,0.0,True,False,mlp
88,0.13121913861559031,59.09090909090909,0.08151562758011673,0.8221560105588334,101.72477064220183,218,-7.061493911400141,,C_tau_ties5,0.2,0.0,10,88,0.13121913861559031,59.09090909090909,0.08151562758011673,0.8221560105588334,-7.061493911400141,0,0.0,0.0,0.0,0.0,0.0,False,False,mlp
88,0.13121913861559031,59.09090909090909,0.08151562758011673,0.8221560105588334,101.72477064220183,218,-7.061493911400141,,C_tau_ties5,0.3,0.0,10,88,0.13121913861559031,59.09090909090909,0.08151562758011673,0.8221560105588334,-7.061493911400141,0,0.0,0.0,0.0,0.0,0.0,False,False,mlp
88,0.13121913861559031,59.09090909090909,0.08151562758011673,0.8221560105588334,101.72477064220183,218,-7.061493911400141,,C_tau_ties5,0.4,0.0,10,88,0.13121913861559031,59.09090909090909,0.08151562758011673,0.8221560105588334,-7.061493911400141,0,0.0,0.0,0.0,0.0,0.0,False,False,mlp
43,-0.04379293499756658,58.139534883720934,-0.03654196773607631,-0.25763103675499477,49.70642201834862,218,-9.058587589423627,,C_tau_ties5,0.5,0.1333333333333333,10,88,0.13121913861559031,59.09090909090909,0.08151562758011673,0.8221560105588334,-7.061493911400141,-45,-0.1750120736131569,-0.9513742071881595,-0.11805759531619303,-1.079787047313828,-1.9970936780234867,True,False,mlp
88,0.13121913861559031,59.09090909090909,0.08151562758011673,0.8221560105588334,101.72477064220183,218,-7.061493911400141,,C_tau_ties10,0.2,0.0,10,88,0.13121913861559031,59.09090909090909,0.08151562758011673,0.8221560105588334,-7.061493911400141,0,0.0,0.0,0.0,0.0,0.0,False,False,mlp
88,0.13121913861559031,59.09090909090909,0.08151562758011673,0.8221560105588334,101.72477064220183,218,-7.061493911400141,,C_tau_ties10,0.3,0.0,10,88,0.13121913861559031,59.09090909090909,0.08151562758011673,0.8221560105588334,-7.061493911400141,0,0.0,0.0,0.0,0.0,0.0,False,False,mlp
48,0.1733627125154809,58.333333333333336,0.09185744721589496,0.6842377236137552,55.486238532110086,218,-6.89411482561918,,C_tau_ties10,0.4,0.04210526315789474,10,88,0.13121913861559031,59.09090909090909,0.08151562758011673,0.8221560105588334,-7.061493911400141,-40,0.042143573899890596,-0.7575757575757578,0.010341819635778238,-0.13791828694507813,0.1673790857809605,True,True,mlp
39,0.17604869081868163,58.97435897435898,0.08768326055322138,0.5887365763999495,45.08256880733945,218,-6.89411482561918,,C_tau_ties10,0.5,0.08421052631578949,10,88,0.13121913861559031,59.09090909090909,0.08151562758011673,0.8221560105588334,-7.061493911400141,-49,0.044829552203091316,-0.11655011655011549,0.006167632973104659,-0.2334194341588839,0.1673790857809605,True,True,mlp
65,0.138542462193678,58.46153846153847,0.08099113583273554,0.7020470059517467,75.13761467889908,218,-7.820978475752705,,C_RBO_full,0.2,0.36382047166024145,10,88,0.13121913861559031,59.09090909090909,0.08151562758011673,0.8221560105588334,-7.061493911400141,-23,0.0073233235780876815,-0.6293706293706265,-0.0005244917473811866,-0.12010900460708662,-0.7594845643525643,True,False,mlp
56,0.22819323557859822,62.5,0.1300642091984382,1.0464629140288408,64.73394495412843,218,-7.061493911400141,,C_RBO_full,0.3,0.38465683370083537,10,88,0.13121913861559031,59.09090909090909,0.08151562758011673,0.8221560105588334,-7.061493911400141,-32,0.0969740969630079,3.4090909090909065,0.04854858161832147,0.22430690347000748,0.0,True,True,mlp
47,0.20446722967652356,59.57446808510638,0.10737259071646577,0.7914334185890738,54.330275229357795,218,-7.061493911400141,,C_RBO_full,0.4,0.4170343889617904,10,88,0.13121913861559031,59.09090909090909,0.08151562758011673,0.8221560105588334,-7.061493911400141,-41,0.07324809106093325,0.4835589941972884,0.02585696313634904,-0.030722591969759572,0.0,True,True,mlp
39,-0.11860743401290302,56.41025641025641,-0.09411267463690598,-0.631905947748641,45.08256880733945,218,-11.322878022338001,,C_RBO_full,0.5,0.44813040248521074,10,88,0.13121913861559031,59.09090909090909,0.08151562758011673,0.8221560105588334,-7.061493911400141,-49,-0.24982657262849334,-2.6806526806526847,-0.1756283022170227,-1.4540619583074743,-4.26138411093786,True,False,mlp
88,0.13121913861559031,59.09090909090909,0.08151562758011673,0.8221560105588334,101.72477064220183,218,-7.061493911400141,,C_Mallows_full,0.2,0.6065306597126334,10,88,0.13121913861559031,59.09090909090909,0.08151562758011673,0.8221560105588334,-7.061493911400141,0,0.0,0.0,0.0,0.0,0.0,False,False,mlp
88,0.13121913861559031,59.09090909090909,0.08151562758011673,0.8221560105588334,101.72477064220183,218,-7.061493911400141,,C_Mallows_full,0.3,0.6065306597126334,10,88,0.13121913861559031,59.09090909090909,0.08151562758011673,0.8221560105588334,-7.061493911400141,0,0.0,0.0,0.0,0.0,0.0,False,False,mlp
88,0.13121913861559031,59.09090909090909,0.08151562758011673,0.8221560105588334,101.72477064220183,218,-7.061493911400141,,C_Mallows_full,0.4,0.6065306597126334,10,88,0.13121913861559031,59.09090909090909,0.08151562758011673,0.8221560105588334,-7.061493911400141,0,0.0,0.0,0.0,0.0,0.0,False,False,mlp
41,0.10636538282534636,60.97560975609756,0.0857538414502698,0.590360831638509,47.39449541284404,218,-7.600886941828522,,C_Mallows_full,0.5,0.6152575700805322,10,88,0.13121913861559031,59.09090909090909,0.08151562758011673,0.8221560105588334,-7.061493911400141,-47,-0.02485375579024396,1.8847006651884683,0.004238213870153079,-0.2317951789203243,-0.5393930304283812,True,True,mlp
176,0.11576386751223028,58.52272727272727,0.0770986158751899,1.099701807511652,203.44954128440367,218,-15.407377174737036,,C_tau_full,0.2,0.0,10,176,0.11576386751223028,58.52272727272727,0.0770986158751899,1.099701807511652,-15.407377174737036,0,0.0,0.0,0.0,0.0,0.0,False,False,rf
176,0.11576386751223028,58.52272727272727,0.0770986158751899,1.099701807511652,203.44954128440367,218,-15.407377174737036,,C_tau_full,0.3,0.0,10,176,0.11576386751223028,58.52272727272727,0.0770986158751899,1.099701807511652,-15.407377174737036,0,0.0,0.0,0.0,0.0,0.0,False,False,rf
176,0.11576386751223028,58.52272727272727,0.0770986158751899,1.099701807511652,203.44954128440367,218,-15.407377174737036,,C_tau_full,0.4,0.0,10,176,0.11576386751223028,58.52272727272727,0.0770986158751899,1.099701807511652,-15.407377174737036,0,0.0,0.0,0.0,0.0,0.0,False,False,rf
85,0.16056164471735776,55.294117647058826,0.09270210360113076,0.9189059756101917,98.25688073394495,218,-12.149596696047427,,C_tau_full,0.5,0.028571428571428574,10,176,0.11576386751223028,58.52272727272727,0.0770986158751899,1.099701807511652,-15.407377174737036,-91,0.04479777720512748,-3.2286096256684473,0.015603487725940862,-0.1807958319014603,3.257780478689609,True,True,rf
176,0.11576386751223028,58.52272727272727,0.0770986158751899,1.099701807511652,203.44954128440367,218,-15.407377174737036,,C_tau_ties3,0.2,0.0,10,176,0.11576386751223028,58.52272727272727,0.0770986158751899,1.099701807511652,-15.407377174737036,0,0.0,0.0,0.0,0.0,0.0,False,False,rf
176,0.11576386751223028,58.52272727272727,0.0770986158751899,1.099701807511652,203.44954128440367,218,-15.407377174737036,,C_tau_ties3,0.3,0.0,10,176,0.11576386751223028,58.52272727272727,0.0770986158751899,1.099701807511652,-15.407377174737036,0,0.0,0.0,0.0,0.0,0.0,False,False,rf
106,0.22679284360370952,64.15094339622641,0.1387412280318539,1.5357852437308324,122.53211009174312,218,-12.494827496460859,,C_tau_ties3,0.4,0.05128205128205128,10,176,0.11576386751223028,58.52272727272727,0.0770986158751899,1.099701807511652,-15.407377174737036,-70,0.11102897609147924,5.628216123499136,0.061642612156664,0.43608343621918033,2.912549678276177,True,True,rf
103,0.20721434753295515,63.10679611650486,0.12525936704937393,1.366787029436768,119.06422018348623,218,-12.494827496460859,,C_tau_ties3,0.5,0.10256410256410256,10,176,0.11576386751223028,58.52272727272727,0.0770986158751899,1.099701807511652,-15.407377174737036,-73,0.09145048002072487,4.584068843777587,0.04816075117418403,0.2670852219251161,2.912549678276177,True,True,rf
176,0.11576386751223028,58.52272727272727,0.0770986158751899,1.099701807511652,203.44954128440367,218,-15.407377174737036,,C_tau_ties5,0.2,0.0,10,176,0.11576386751223028,58.52272727272727,0.0770986158751899,1.099701807511652,-15.407377174737036,0,0.0,0.0,0.0,0.0,0.0,False,False,rf
176,0.11576386751223028,58.52272727272727,0.0770986158751899,1.099701807511652,203.44954128440367,218,-15.407377174737036,,C_tau_ties5,0.3,0.0,10,176,0.11576386751223028,58.52272727272727,0.0770986158751899,1.099701807511652,-15.407377174737036,0,0.0,0.0,0.0,0.0,0.0,False,False,rf
176,0.11576386751223028,58.52272727272727,0.0770986158751899,1.099701807511652,203.44954128440367,218,-15.407377174737036,,C_tau_ties5,0.4,0.0,10,176,0.11576386751223028,58.52272727272727,0.0770986158751899,1.099701807511652,-15.407377174737036,0,0.0,0.0,0.0,0.0,0.0,False,False,rf
95,0.09566430241623707,61.05263157894737,0.06996390738250374,0.7331753960185846,109.81651376146789,218,-12.02045577174642,,C_tau_ties5,0.5,0.033333333333333326,10,176,0.11576386751223028,58.52272727272727,0.0770986158751899,1.099701807511652,-15.407377174737036,-81,-0.020099565095993213,2.5299043062200965,-0.007134708492686159,-0.3665264114930674,3.386921402990616,True,False,rf
176,0.11576386751223028,58.52272727272727,0.0770986158751899,1.099701807511652,203.44954128440367,218,-15.407377174737036,,C_tau_ties10,0.2,0.0,10,176,0.11576386751223028,58.52272727272727,0.0770986158751899,1.099701807511652,-15.407377174737036,0,0.0,0.0,0.0,0.0,0.0,False,False,rf
176,0.11576386751223028,58.52272727272727,0.0770986158751899,1.099701807511652,203.44954128440367,218,-15.407377174737036,,C_tau_ties10,0.3,0.0,10,176,0.11576386751223028,58.52272727272727,0.0770986158751899,1.099701807511652,-15.407377174737036,0,0.0,0.0,0.0,0.0,0.0,False,False,rf
176,0.11576386751223028,58.52272727272727,0.0770986158751899,1.099701807511652,203.44954128440367,218,-15.407377174737036,,C_tau_ties10,0.4,0.0,10,176,0.11576386751223028,58.52272727272727,0.0770986158751899,1.099701807511652,-15.407377174737036,0,0.0,0.0,0.0,0.0,0.0,False,False,rf
176,0.11576386751223028,58.52272727272727,0.0770986158751899,1.099701807511652,203.44954128440367,218,-15.407377174737036,,C_tau_ties10,0.5,0.0,10,176,0.11576386751223028,58.52272727272727,0.0770986158751899,1.099701807511652,-15.407377174737036,0,0.0,0.0,0.0,0.0,0.0,False,False,rf
140,0.12785735695785957,60.0,0.08241124566091726,1.0483891557077645,161.8348623853211,218,-16.338796338952243,,C_RBO_full,0.2,0.32580261645765,10,176,0.11576386751223028,58.52272727272727,0.0770986158751899,1.099701807511652,-15.407377174737036,-36,0.012093489445629296,1.4772727272727266,0.0053126297857273574,-0.051312651803887555,-0.9314191642152068,True,True,rf
127,0.16592761437057577,60.629921259842526,0.10533604411782165,1.2762944729759897,146.80733944954127,218,-14.77908881535721,,C_RBO_full,0.3,0.35387698036140447,10,176,0.11576386751223028,58.52272727272727,0.0770986158751899,1.099701807511652,-15.407377174737036,-49,0.05016374685834549,2.1071939871152523,0.028237428242631743,0.17659266546433772,0.628288359379825,True,True,rf
107,0.22235663190333776,63.55140186915887,0.13608744658900443,1.5134984408871996,123.6880733944954,218,-12.779940336098983,,C_RBO_full,0.4,0.3820583526673278,10,176,0.11576386751223028,58.52272727272727,0.0770986158751899,1.099701807511652,-15.407377174737036,-69,0.10659276439110749,5.0286745964316,0.05898883071381453,0.4137966333755476,2.6274368386380527,True,True,rf
90,0.1949765278619073,63.33333333333333,0.11316271108763568,1.1542413319483054,104.03669724770641,218,-12.02045577174642,,C_RBO_full,0.5,0.40321581681698604,10,176,0.11576386751223028,58.52272727272727,0.0770986158751899,1.099701807511652,-15.407377174737036,-86,0.07921266034967703,4.810606060606055,0.036064095212445774,0.05453952443665333,3.386921402990616,True,True,rf
176,0.11576386751223028,58.52272727272727,0.0770986158751899,1.099701807511652,203.44954128440367,218,-15.407377174737036,,C_Mallows_full,0.2,0.6065306597126334,10,176,0.11576386751223028,58.52272727272727,0.0770986158751899,1.099701807511652,-15.407377174737036,0,0.0,0.0,0.0,0.0,0.0,False,False,rf
176,0.11576386751223028,58.52272727272727,0.0770986158751899,1.099701807511652,203.44954128440367,218,-15.407377174737036,,C_Mallows_full,0.3,0.6065306597126334,10,176,0.11576386751223028,58.52272727272727,0.0770986158751899,1.099701807511652,-15.407377174737036,0,0.0,0.0,0.0,0.0,0.0,False,False,rf
176,0.11576386751223028,58.52272727272727,0.0770986158751899,1.099701807511652,203.44954128440367,218,-15.407377174737036,,C_Mallows_full,0.4,0.6065306597126334,10,176,0.11576386751223028,58.52272727272727,0.0770986158751899,1.099701807511652,-15.407377174737036,0,0.0,0.0,0.0,0.0,0.0,False,False,rf
85,0.16056164471735776,55.294117647058826,0.09270210360113076,0.9189059756101917,98.25688073394495,218,-12.149596696047427,,C_Mallows_full,0.5,0.6152575700805322,10,176,0.11576386751223028,58.52272727272727,0.0770986158751899,1.099701807511652,-15.407377174737036,-91,0.04479777720512748,-3.2286096256684473,0.015603487725940862,-0.1807958319014603,3.257780478689609,True,True,rf
