Model,Cost (bp),C-Index Type,Quantile,Observed Best Metric,Raw p,Adjusted p (max-stat),Null Selected Mean,Null Selected 95%,Null Max Mean,Null Max 95%,N Permutations,Block Length Days
gbm,0,C_RBO_full,0.5,0.2155838928632425,0.01199400299850075,0.035982008995502246,-0.02198570075726901,0.1504598432408625,0.07660382530923773,0.198815197360471,2000,20
gbm,5,C_RBO_full,0.5,0.20109447273269312,0.015992003998001,0.04247876061969016,-0.02549205416672807,0.15045426038352186,0.07549221430313666,0.19318561351994343,2000,20
gbm,10,C_RBO_full,0.5,0.18660505260214377,0.022988505747126436,0.057971014492753624,-0.028998407576187126,0.15189600110769821,0.07479310260004203,0.19194036929462285,2000,20
mlp,0,C_tau_ties3,0.4,-0.023244837519388398,0.6431784107946027,0.984007996001999,-0.0009914372529729824,0.10206540891810893,0.08708755217473452,0.19369842353880642,2000,20
mlp,5,C_tau_ties3,0.4,-0.019850778538241007,0.6186906546726637,0.9795102448775612,-0.0022943414832453804,0.10371114158465781,0.08635828178668487,0.19054514304104883,2000,20
mlp,10,C_tau_ties3,0.4,-0.016456719557093602,0.5922038980509745,0.9750124937531235,-0.0035972457135177646,0.10300515202402637,0.08607860221552502,0.18802080970931903,2000,20
rf,0,C_tau_ties3,0.4,0.17136145201121467,0.006496751624187906,0.0559720139930035,0.001978212403521312,0.10706422441276928,0.07194518567927083,0.1737021119152878,2000,20
rf,5,C_tau_ties3,0.4,0.17122362094141774,0.004997501249375313,0.049475262368815595,0.0009162818135009179,0.10442969932472944,0.07079051507294594,0.17057731949396182,2000,20
rf,10,C_tau_ties3,0.4,0.17108578987162082,0.004997501249375313,0.047476261869065464,-0.0001456487765194757,0.10463623213094324,0.06991234298801582,0.1678107431641423,2000,20
